2025-07-23 01:48:27.378  INFO 33832 --- [restartedMain] c.m.p.ProductManagementApplication       : Starting ProductManagementApplication using Java 23.0.1 on G3N1U5 with PID 33832 (D:\Project\PackageManagement\target\classes started by Aditya Shinde in D:\Project\PackageManagement)
2025-07-23 01:48:27.382  INFO 33832 --- [restartedMain] c.m.p.ProductManagementApplication       : No active profile set, falling back to default profiles: default
2025-07-23 01:48:27.448  INFO 33832 --- [restartedMain] .e.DevToolsPropertyDefaultsPostProcessor : Devtools property defaults active! Set 'spring.devtools.add-properties' to 'false' to disable
2025-07-23 01:48:27.448  INFO 33832 --- [restartedMain] .e.DevToolsPropertyDefaultsPostProcessor : For additional web related logging consider setting the 'logging.level.web' property to 'DEBUG'
2025-07-23 01:48:28.126  INFO 33832 --- [restartedMain] .s.d.r.c.RepositoryConfigurationDelegate : Multiple Spring Data modules found, entering strict repository configuration mode!
2025-07-23 01:48:28.128  INFO 33832 --- [restartedMain] .s.d.r.c.RepositoryConfigurationDelegate : Bootstrapping Spring Data JDBC repositories in DEFAULT mode.
2025-07-23 01:48:28.151  INFO 33832 --- [restartedMain] .RepositoryConfigurationExtensionSupport : Spring Data JDBC - Could not safely identify store assignment for repository candidate interface com.manage.product_management.repository.adminrepository. If you want this repository to be a JDBC repository, consider annotating your entities with one of these annotations: org.springframework.data.relational.core.mapping.Table.
2025-07-23 01:48:28.152  INFO 33832 --- [restartedMain] .RepositoryConfigurationExtensionSupport : Spring Data JDBC - Could not safely identify store assignment for repository candidate interface com.manage.product_management.repository.recordrepository. If you want this repository to be a JDBC repository, consider annotating your entities with one of these annotations: org.springframework.data.relational.core.mapping.Table.
2025-07-23 01:48:28.153  INFO 33832 --- [restartedMain] .s.d.r.c.RepositoryConfigurationDelegate : Finished Spring Data repository scanning in 22 ms. Found 0 JDBC repository interfaces.
2025-07-23 01:48:28.160  INFO 33832 --- [restartedMain] .s.d.r.c.RepositoryConfigurationDelegate : Multiple Spring Data modules found, entering strict repository configuration mode!
2025-07-23 01:48:28.161  INFO 33832 --- [restartedMain] .s.d.r.c.RepositoryConfigurationDelegate : Bootstrapping Spring Data JPA repositories in DEFAULT mode.
2025-07-23 01:48:28.184  INFO 33832 --- [restartedMain] .s.d.r.c.RepositoryConfigurationDelegate : Finished Spring Data repository scanning in 19 ms. Found 2 JPA repository interfaces.
2025-07-23 01:48:28.717  INFO 33832 --- [restartedMain] o.s.b.w.embedded.tomcat.TomcatWebServer  : Tomcat initialized with port(s): 8095 (http)
2025-07-23 01:48:28.726  INFO 33832 --- [restartedMain] o.apache.catalina.core.StandardService   : Starting service [Tomcat]
2025-07-23 01:48:28.726  INFO 33832 --- [restartedMain] org.apache.catalina.core.StandardEngine  : Starting Servlet engine: [Apache Tomcat/9.0.45]
2025-07-23 01:48:28.787  INFO 33832 --- [restartedMain] o.a.c.c.C.[Tomcat].[localhost].[/]       : Initializing Spring embedded WebApplicationContext
2025-07-23 01:48:28.788  INFO 33832 --- [restartedMain] w.s.c.ServletWebServerApplicationContext : Root WebApplicationContext: initialization completed in 1339 ms
2025-07-23 01:48:29.013  INFO 33832 --- [restartedMain] o.hibernate.jpa.internal.util.LogHelper  : HHH000204: Processing PersistenceUnitInfo [name: default]
2025-07-23 01:48:29.048  INFO 33832 --- [restartedMain] org.hibernate.Version                    : HHH000412: Hibernate ORM core version 5.4.30.Final
2025-07-23 01:48:29.144  INFO 33832 --- [restartedMain] o.hibernate.annotations.common.Version   : HCANN000001: Hibernate Commons Annotations {5.1.2.Final}
2025-07-23 01:48:29.209  INFO 33832 --- [restartedMain] com.zaxxer.hikari.HikariDataSource       : HikariPool-1 - Starting...
2025-07-23 01:48:31.560 ERROR 33832 --- [restartedMain] com.zaxxer.hikari.pool.HikariPool        : HikariPool-1 - Exception during pool initialization.

com.mysql.cj.jdbc.exceptions.CommunicationsException: Communications link failure

The last packet sent successfully to the server was 0 milliseconds ago. The driver has not received any packets from the server.
	at com.mysql.cj.jdbc.exceptions.SQLError.createCommunicationsException(SQLError.java:174) ~[mysql-connector-java-8.0.23.jar:8.0.23]
	at com.mysql.cj.jdbc.exceptions.SQLExceptionsMapping.translateException(SQLExceptionsMapping.java:64) ~[mysql-connector-java-8.0.23.jar:8.0.23]
	at com.mysql.cj.jdbc.ConnectionImpl.createNewIO(ConnectionImpl.java:833) ~[mysql-connector-java-8.0.23.jar:8.0.23]
	at com.mysql.cj.jdbc.ConnectionImpl.<init>(ConnectionImpl.java:453) ~[mysql-connector-java-8.0.23.jar:8.0.23]
	at com.mysql.cj.jdbc.ConnectionImpl.getInstance(ConnectionImpl.java:246) ~[mysql-connector-java-8.0.23.jar:8.0.23]
	at com.mysql.cj.jdbc.NonRegisteringDriver.connect(NonRegisteringDriver.java:198) ~[mysql-connector-java-8.0.23.jar:8.0.23]
	at com.zaxxer.hikari.util.DriverDataSource.getConnection(DriverDataSource.java:138) ~[HikariCP-3.4.5.jar:na]
	at com.zaxxer.hikari.pool.PoolBase.newConnection(PoolBase.java:358) ~[HikariCP-3.4.5.jar:na]
	at com.zaxxer.hikari.pool.PoolBase.newPoolEntry(PoolBase.java:206) ~[HikariCP-3.4.5.jar:na]
	at com.zaxxer.hikari.pool.HikariPool.createPoolEntry(HikariPool.java:477) ~[HikariCP-3.4.5.jar:na]
	at com.zaxxer.hikari.pool.HikariPool.checkFailFast(HikariPool.java:560) ~[HikariCP-3.4.5.jar:na]
	at com.zaxxer.hikari.pool.HikariPool.<init>(HikariPool.java:115) ~[HikariCP-3.4.5.jar:na]
	at com.zaxxer.hikari.HikariDataSource.getConnection(HikariDataSource.java:112) ~[HikariCP-3.4.5.jar:na]
	at org.hibernate.engine.jdbc.connections.internal.DatasourceConnectionProviderImpl.getConnection(DatasourceConnectionProviderImpl.java:122) ~[hibernate-core-5.4.30.Final.jar:5.4.30.Final]
	at org.hibernate.engine.jdbc.env.internal.JdbcEnvironmentInitiator$ConnectionProviderJdbcConnectionAccess.obtainConnection(JdbcEnvironmentInitiator.java:180) ~[hibernate-core-5.4.30.Final.jar:5.4.30.Final]
	at org.hibernate.engine.jdbc.env.internal.JdbcEnvironmentInitiator.initiateService(JdbcEnvironmentInitiator.java:68) ~[hibernate-core-5.4.30.Final.jar:5.4.30.Final]
	at org.hibernate.engine.jdbc.env.internal.JdbcEnvironmentInitiator.initiateService(JdbcEnvironmentInitiator.java:35) ~[hibernate-core-5.4.30.Final.jar:5.4.30.Final]
	at org.hibernate.boot.registry.internal.StandardServiceRegistryImpl.initiateService(StandardServiceRegistryImpl.java:101) ~[hibernate-core-5.4.30.Final.jar:5.4.30.Final]
	at org.hibernate.service.internal.AbstractServiceRegistryImpl.createService(AbstractServiceRegistryImpl.java:263) ~[hibernate-core-5.4.30.Final.jar:5.4.30.Final]
	at org.hibernate.service.internal.AbstractServiceRegistryImpl.initializeService(AbstractServiceRegistryImpl.java:237) ~[hibernate-core-5.4.30.Final.jar:5.4.30.Final]
	at org.hibernate.service.internal.AbstractServiceRegistryImpl.getService(AbstractServiceRegistryImpl.java:214) ~[hibernate-core-5.4.30.Final.jar:5.4.30.Final]
	at org.hibernate.id.factory.internal.DefaultIdentifierGeneratorFactory.injectServices(DefaultIdentifierGeneratorFactory.java:152) ~[hibernate-core-5.4.30.Final.jar:5.4.30.Final]
	at org.hibernate.service.internal.AbstractServiceRegistryImpl.injectDependencies(AbstractServiceRegistryImpl.java:286) ~[hibernate-core-5.4.30.Final.jar:5.4.30.Final]
	at org.hibernate.service.internal.AbstractServiceRegistryImpl.initializeService(AbstractServiceRegistryImpl.java:243) ~[hibernate-core-5.4.30.Final.jar:5.4.30.Final]
	at org.hibernate.service.internal.AbstractServiceRegistryImpl.getService(AbstractServiceRegistryImpl.java:214) ~[hibernate-core-5.4.30.Final.jar:5.4.30.Final]
	at org.hibernate.boot.internal.InFlightMetadataCollectorImpl.<init>(InFlightMetadataCollectorImpl.java:176) ~[hibernate-core-5.4.30.Final.jar:5.4.30.Final]
	at org.hibernate.boot.model.process.spi.MetadataBuildingProcess.complete(MetadataBuildingProcess.java:127) ~[hibernate-core-5.4.30.Final.jar:5.4.30.Final]
	at org.hibernate.jpa.boot.internal.EntityManagerFactoryBuilderImpl.metadata(EntityManagerFactoryBuilderImpl.java:1224) ~[hibernate-core-5.4.30.Final.jar:5.4.30.Final]
	at org.hibernate.jpa.boot.internal.EntityManagerFactoryBuilderImpl.build(EntityManagerFactoryBuilderImpl.java:1255) ~[hibernate-core-5.4.30.Final.jar:5.4.30.Final]
	at org.springframework.orm.jpa.vendor.SpringHibernateJpaPersistenceProvider.createContainerEntityManagerFactory(SpringHibernateJpaPersistenceProvider.java:58) ~[spring-orm-5.3.6.jar:5.3.6]
	at org.springframework.orm.jpa.LocalContainerEntityManagerFactoryBean.createNativeEntityManagerFactory(LocalContainerEntityManagerFactoryBean.java:365) ~[spring-orm-5.3.6.jar:5.3.6]
	at org.springframework.orm.jpa.AbstractEntityManagerFactoryBean.buildNativeEntityManagerFactory(AbstractEntityManagerFactoryBean.java:409) ~[spring-orm-5.3.6.jar:5.3.6]
	at org.springframework.orm.jpa.AbstractEntityManagerFactoryBean.afterPropertiesSet(AbstractEntityManagerFactoryBean.java:396) ~[spring-orm-5.3.6.jar:5.3.6]
	at org.springframework.orm.jpa.LocalContainerEntityManagerFactoryBean.afterPropertiesSet(LocalContainerEntityManagerFactoryBean.java:341) ~[spring-orm-5.3.6.jar:5.3.6]
	at org.springframework.beans.factory.support.AbstractAutowireCapableBeanFactory.invokeInitMethods(AbstractAutowireCapableBeanFactory.java:1845) ~[spring-beans-5.3.6.jar:5.3.6]
	at org.springframework.beans.factory.support.AbstractAutowireCapableBeanFactory.initializeBean(AbstractAutowireCapableBeanFactory.java:1782) ~[spring-beans-5.3.6.jar:5.3.6]
	at org.springframework.beans.factory.support.AbstractAutowireCapableBeanFactory.doCreateBean(AbstractAutowireCapableBeanFactory.java:602) ~[spring-beans-5.3.6.jar:5.3.6]
	at org.springframework.beans.factory.support.AbstractAutowireCapableBeanFactory.createBean(AbstractAutowireCapableBeanFactory.java:524) ~[spring-beans-5.3.6.jar:5.3.6]
	at org.springframework.beans.factory.support.AbstractBeanFactory.lambda$doGetBean$0(AbstractBeanFactory.java:335) ~[spring-beans-5.3.6.jar:5.3.6]
	at org.springframework.beans.factory.support.DefaultSingletonBeanRegistry.getSingleton(DefaultSingletonBeanRegistry.java:234) ~[spring-beans-5.3.6.jar:5.3.6]
	at org.springframework.beans.factory.support.AbstractBeanFactory.doGetBean(AbstractBeanFactory.java:333) ~[spring-beans-5.3.6.jar:5.3.6]
	at org.springframework.beans.factory.support.AbstractBeanFactory.getBean(AbstractBeanFactory.java:208) ~[spring-beans-5.3.6.jar:5.3.6]
	at org.springframework.context.support.AbstractApplicationContext.getBean(AbstractApplicationContext.java:1154) ~[spring-context-5.3.6.jar:5.3.6]
	at org.springframework.context.support.AbstractApplicationContext.finishBeanFactoryInitialization(AbstractApplicationContext.java:908) ~[spring-context-5.3.6.jar:5.3.6]
	at org.springframework.context.support.AbstractApplicationContext.refresh(AbstractApplicationContext.java:583) ~[spring-context-5.3.6.jar:5.3.6]
	at org.springframework.boot.web.servlet.context.ServletWebServerApplicationContext.refresh(ServletWebServerApplicationContext.java:144) ~[spring-boot-2.4.5.jar:2.4.5]
	at org.springframework.boot.SpringApplication.refresh(SpringApplication.java:782) ~[spring-boot-2.4.5.jar:2.4.5]
	at org.springframework.boot.SpringApplication.refresh(SpringApplication.java:774) ~[spring-boot-2.4.5.jar:2.4.5]
	at org.springframework.boot.SpringApplication.refreshContext(SpringApplication.java:439) ~[spring-boot-2.4.5.jar:2.4.5]
	at org.springframework.boot.SpringApplication.run(SpringApplication.java:339) ~[spring-boot-2.4.5.jar:2.4.5]
	at org.springframework.boot.SpringApplication.run(SpringApplication.java:1340) ~[spring-boot-2.4.5.jar:2.4.5]
	at org.springframework.boot.SpringApplication.run(SpringApplication.java:1329) ~[spring-boot-2.4.5.jar:2.4.5]
	at com.manage.product_management.ProductManagementApplication.main(ProductManagementApplication.java:10) ~[classes/:na]
	at java.base/jdk.internal.reflect.DirectMethodHandleAccessor.invoke(DirectMethodHandleAccessor.java:103) ~[na:na]
	at java.base/java.lang.reflect.Method.invoke(Method.java:580) ~[na:na]
	at org.springframework.boot.devtools.restart.RestartLauncher.run(RestartLauncher.java:49) ~[spring-boot-devtools-2.4.5.jar:2.4.5]
Caused by: com.mysql.cj.exceptions.CJCommunicationsException: Communications link failure

The last packet sent successfully to the server was 0 milliseconds ago. The driver has not received any packets from the server.
	at java.base/jdk.internal.reflect.DirectConstructorHandleAccessor.newInstance(DirectConstructorHandleAccessor.java:62) ~[na:na]
	at java.base/java.lang.reflect.Constructor.newInstanceWithCaller(Constructor.java:501) ~[na:na]
	at java.base/java.lang.reflect.Constructor.newInstance(Constructor.java:485) ~[na:na]
	at com.mysql.cj.exceptions.ExceptionFactory.createException(ExceptionFactory.java:61) ~[mysql-connector-java-8.0.23.jar:8.0.23]
	at com.mysql.cj.exceptions.ExceptionFactory.createException(ExceptionFactory.java:105) ~[mysql-connector-java-8.0.23.jar:8.0.23]
	at com.mysql.cj.exceptions.ExceptionFactory.createException(ExceptionFactory.java:151) ~[mysql-connector-java-8.0.23.jar:8.0.23]
	at com.mysql.cj.exceptions.ExceptionFactory.createCommunicationsException(ExceptionFactory.java:167) ~[mysql-connector-java-8.0.23.jar:8.0.23]
	at com.mysql.cj.protocol.a.NativeSocketConnection.connect(NativeSocketConnection.java:89) ~[mysql-connector-java-8.0.23.jar:8.0.23]
	at com.mysql.cj.NativeSession.connect(NativeSession.java:144) ~[mysql-connector-java-8.0.23.jar:8.0.23]
	at com.mysql.cj.jdbc.ConnectionImpl.connectOneTryOnly(ConnectionImpl.java:953) ~[mysql-connector-java-8.0.23.jar:8.0.23]
	at com.mysql.cj.jdbc.ConnectionImpl.createNewIO(ConnectionImpl.java:823) ~[mysql-connector-java-8.0.23.jar:8.0.23]
	... 53 common frames omitted
Caused by: java.net.UnknownHostException: No such host is known (mysql-standalone-01)
	at java.base/java.net.Inet6AddressImpl.lookupAllHostAddr(Native Method) ~[na:na]
	at java.base/java.net.Inet6AddressImpl.lookupAllHostAddr(Inet6AddressImpl.java:52) ~[na:na]
	at java.base/java.net.InetAddress$PlatformResolver.lookupByName(InetAddress.java:1221) ~[na:na]
	at java.base/java.net.InetAddress.getAddressesFromNameService(InetAddress.java:1817) ~[na:na]
	at java.base/java.net.InetAddress$NameServiceAddresses.get(InetAddress.java:1149) ~[na:na]
	at java.base/java.net.InetAddress.getAllByName0(InetAddress.java:1807) ~[na:na]
	at java.base/java.net.InetAddress.getAllByName(InetAddress.java:1676) ~[na:na]
	at com.mysql.cj.protocol.StandardSocketFactory.connect(StandardSocketFactory.java:132) ~[mysql-connector-java-8.0.23.jar:8.0.23]
	at com.mysql.cj.protocol.a.NativeSocketConnection.connect(NativeSocketConnection.java:63) ~[mysql-connector-java-8.0.23.jar:8.0.23]
	... 56 common frames omitted

2025-07-23 01:48:31.565  WARN 33832 --- [restartedMain] o.h.e.j.e.i.JdbcEnvironmentInitiator     : HHH000342: Could not obtain connection to query metadata

com.mysql.cj.jdbc.exceptions.CommunicationsException: Communications link failure

The last packet sent successfully to the server was 0 milliseconds ago. The driver has not received any packets from the server.
	at com.mysql.cj.jdbc.exceptions.SQLError.createCommunicationsException(SQLError.java:174) ~[mysql-connector-java-8.0.23.jar:8.0.23]
	at com.mysql.cj.jdbc.exceptions.SQLExceptionsMapping.translateException(SQLExceptionsMapping.java:64) ~[mysql-connector-java-8.0.23.jar:8.0.23]
	at com.mysql.cj.jdbc.ConnectionImpl.createNewIO(ConnectionImpl.java:833) ~[mysql-connector-java-8.0.23.jar:8.0.23]
	at com.mysql.cj.jdbc.ConnectionImpl.<init>(ConnectionImpl.java:453) ~[mysql-connector-java-8.0.23.jar:8.0.23]
	at com.mysql.cj.jdbc.ConnectionImpl.getInstance(ConnectionImpl.java:246) ~[mysql-connector-java-8.0.23.jar:8.0.23]
	at com.mysql.cj.jdbc.NonRegisteringDriver.connect(NonRegisteringDriver.java:198) ~[mysql-connector-java-8.0.23.jar:8.0.23]
	at com.zaxxer.hikari.util.DriverDataSource.getConnection(DriverDataSource.java:138) ~[HikariCP-3.4.5.jar:na]
	at com.zaxxer.hikari.pool.PoolBase.newConnection(PoolBase.java:358) ~[HikariCP-3.4.5.jar:na]
	at com.zaxxer.hikari.pool.PoolBase.newPoolEntry(PoolBase.java:206) ~[HikariCP-3.4.5.jar:na]
	at com.zaxxer.hikari.pool.HikariPool.createPoolEntry(HikariPool.java:477) ~[HikariCP-3.4.5.jar:na]
	at com.zaxxer.hikari.pool.HikariPool.checkFailFast(HikariPool.java:560) ~[HikariCP-3.4.5.jar:na]
	at com.zaxxer.hikari.pool.HikariPool.<init>(HikariPool.java:115) ~[HikariCP-3.4.5.jar:na]
	at com.zaxxer.hikari.HikariDataSource.getConnection(HikariDataSource.java:112) ~[HikariCP-3.4.5.jar:na]
	at org.hibernate.engine.jdbc.connections.internal.DatasourceConnectionProviderImpl.getConnection(DatasourceConnectionProviderImpl.java:122) ~[hibernate-core-5.4.30.Final.jar:5.4.30.Final]
	at org.hibernate.engine.jdbc.env.internal.JdbcEnvironmentInitiator$ConnectionProviderJdbcConnectionAccess.obtainConnection(JdbcEnvironmentInitiator.java:180) ~[hibernate-core-5.4.30.Final.jar:5.4.30.Final]
	at org.hibernate.engine.jdbc.env.internal.JdbcEnvironmentInitiator.initiateService(JdbcEnvironmentInitiator.java:68) ~[hibernate-core-5.4.30.Final.jar:5.4.30.Final]
	at org.hibernate.engine.jdbc.env.internal.JdbcEnvironmentInitiator.initiateService(JdbcEnvironmentInitiator.java:35) ~[hibernate-core-5.4.30.Final.jar:5.4.30.Final]
	at org.hibernate.boot.registry.internal.StandardServiceRegistryImpl.initiateService(StandardServiceRegistryImpl.java:101) ~[hibernate-core-5.4.30.Final.jar:5.4.30.Final]
	at org.hibernate.service.internal.AbstractServiceRegistryImpl.createService(AbstractServiceRegistryImpl.java:263) ~[hibernate-core-5.4.30.Final.jar:5.4.30.Final]
	at org.hibernate.service.internal.AbstractServiceRegistryImpl.initializeService(AbstractServiceRegistryImpl.java:237) ~[hibernate-core-5.4.30.Final.jar:5.4.30.Final]
	at org.hibernate.service.internal.AbstractServiceRegistryImpl.getService(AbstractServiceRegistryImpl.java:214) ~[hibernate-core-5.4.30.Final.jar:5.4.30.Final]
	at org.hibernate.id.factory.internal.DefaultIdentifierGeneratorFactory.injectServices(DefaultIdentifierGeneratorFactory.java:152) ~[hibernate-core-5.4.30.Final.jar:5.4.30.Final]
	at org.hibernate.service.internal.AbstractServiceRegistryImpl.injectDependencies(AbstractServiceRegistryImpl.java:286) ~[hibernate-core-5.4.30.Final.jar:5.4.30.Final]
	at org.hibernate.service.internal.AbstractServiceRegistryImpl.initializeService(AbstractServiceRegistryImpl.java:243) ~[hibernate-core-5.4.30.Final.jar:5.4.30.Final]
	at org.hibernate.service.internal.AbstractServiceRegistryImpl.getService(AbstractServiceRegistryImpl.java:214) ~[hibernate-core-5.4.30.Final.jar:5.4.30.Final]
	at org.hibernate.boot.internal.InFlightMetadataCollectorImpl.<init>(InFlightMetadataCollectorImpl.java:176) ~[hibernate-core-5.4.30.Final.jar:5.4.30.Final]
	at org.hibernate.boot.model.process.spi.MetadataBuildingProcess.complete(MetadataBuildingProcess.java:127) ~[hibernate-core-5.4.30.Final.jar:5.4.30.Final]
	at org.hibernate.jpa.boot.internal.EntityManagerFactoryBuilderImpl.metadata(EntityManagerFactoryBuilderImpl.java:1224) ~[hibernate-core-5.4.30.Final.jar:5.4.30.Final]
	at org.hibernate.jpa.boot.internal.EntityManagerFactoryBuilderImpl.build(EntityManagerFactoryBuilderImpl.java:1255) ~[hibernate-core-5.4.30.Final.jar:5.4.30.Final]
	at org.springframework.orm.jpa.vendor.SpringHibernateJpaPersistenceProvider.createContainerEntityManagerFactory(SpringHibernateJpaPersistenceProvider.java:58) ~[spring-orm-5.3.6.jar:5.3.6]
	at org.springframework.orm.jpa.LocalContainerEntityManagerFactoryBean.createNativeEntityManagerFactory(LocalContainerEntityManagerFactoryBean.java:365) ~[spring-orm-5.3.6.jar:5.3.6]
	at org.springframework.orm.jpa.AbstractEntityManagerFactoryBean.buildNativeEntityManagerFactory(AbstractEntityManagerFactoryBean.java:409) ~[spring-orm-5.3.6.jar:5.3.6]
	at org.springframework.orm.jpa.AbstractEntityManagerFactoryBean.afterPropertiesSet(AbstractEntityManagerFactoryBean.java:396) ~[spring-orm-5.3.6.jar:5.3.6]
	at org.springframework.orm.jpa.LocalContainerEntityManagerFactoryBean.afterPropertiesSet(LocalContainerEntityManagerFactoryBean.java:341) ~[spring-orm-5.3.6.jar:5.3.6]
	at org.springframework.beans.factory.support.AbstractAutowireCapableBeanFactory.invokeInitMethods(AbstractAutowireCapableBeanFactory.java:1845) ~[spring-beans-5.3.6.jar:5.3.6]
	at org.springframework.beans.factory.support.AbstractAutowireCapableBeanFactory.initializeBean(AbstractAutowireCapableBeanFactory.java:1782) ~[spring-beans-5.3.6.jar:5.3.6]
	at org.springframework.beans.factory.support.AbstractAutowireCapableBeanFactory.doCreateBean(AbstractAutowireCapableBeanFactory.java:602) ~[spring-beans-5.3.6.jar:5.3.6]
	at org.springframework.beans.factory.support.AbstractAutowireCapableBeanFactory.createBean(AbstractAutowireCapableBeanFactory.java:524) ~[spring-beans-5.3.6.jar:5.3.6]
	at org.springframework.beans.factory.support.AbstractBeanFactory.lambda$doGetBean$0(AbstractBeanFactory.java:335) ~[spring-beans-5.3.6.jar:5.3.6]
	at org.springframework.beans.factory.support.DefaultSingletonBeanRegistry.getSingleton(DefaultSingletonBeanRegistry.java:234) ~[spring-beans-5.3.6.jar:5.3.6]
	at org.springframework.beans.factory.support.AbstractBeanFactory.doGetBean(AbstractBeanFactory.java:333) ~[spring-beans-5.3.6.jar:5.3.6]
	at org.springframework.beans.factory.support.AbstractBeanFactory.getBean(AbstractBeanFactory.java:208) ~[spring-beans-5.3.6.jar:5.3.6]
	at org.springframework.context.support.AbstractApplicationContext.getBean(AbstractApplicationContext.java:1154) ~[spring-context-5.3.6.jar:5.3.6]
	at org.springframework.context.support.AbstractApplicationContext.finishBeanFactoryInitialization(AbstractApplicationContext.java:908) ~[spring-context-5.3.6.jar:5.3.6]
	at org.springframework.context.support.AbstractApplicationContext.refresh(AbstractApplicationContext.java:583) ~[spring-context-5.3.6.jar:5.3.6]
	at org.springframework.boot.web.servlet.context.ServletWebServerApplicationContext.refresh(ServletWebServerApplicationContext.java:144) ~[spring-boot-2.4.5.jar:2.4.5]
	at org.springframework.boot.SpringApplication.refresh(SpringApplication.java:782) ~[spring-boot-2.4.5.jar:2.4.5]
	at org.springframework.boot.SpringApplication.refresh(SpringApplication.java:774) ~[spring-boot-2.4.5.jar:2.4.5]
	at org.springframework.boot.SpringApplication.refreshContext(SpringApplication.java:439) ~[spring-boot-2.4.5.jar:2.4.5]
	at org.springframework.boot.SpringApplication.run(SpringApplication.java:339) ~[spring-boot-2.4.5.jar:2.4.5]
	at org.springframework.boot.SpringApplication.run(SpringApplication.java:1340) ~[spring-boot-2.4.5.jar:2.4.5]
	at org.springframework.boot.SpringApplication.run(SpringApplication.java:1329) ~[spring-boot-2.4.5.jar:2.4.5]
	at com.manage.product_management.ProductManagementApplication.main(ProductManagementApplication.java:10) ~[classes/:na]
	at java.base/jdk.internal.reflect.DirectMethodHandleAccessor.invoke(DirectMethodHandleAccessor.java:103) ~[na:na]
	at java.base/java.lang.reflect.Method.invoke(Method.java:580) ~[na:na]
	at org.springframework.boot.devtools.restart.RestartLauncher.run(RestartLauncher.java:49) ~[spring-boot-devtools-2.4.5.jar:2.4.5]
Caused by: com.mysql.cj.exceptions.CJCommunicationsException: Communications link failure

The last packet sent successfully to the server was 0 milliseconds ago. The driver has not received any packets from the server.
	at java.base/jdk.internal.reflect.DirectConstructorHandleAccessor.newInstance(DirectConstructorHandleAccessor.java:62) ~[na:na]
	at java.base/java.lang.reflect.Constructor.newInstanceWithCaller(Constructor.java:501) ~[na:na]
	at java.base/java.lang.reflect.Constructor.newInstance(Constructor.java:485) ~[na:na]
	at com.mysql.cj.exceptions.ExceptionFactory.createException(ExceptionFactory.java:61) ~[mysql-connector-java-8.0.23.jar:8.0.23]
	at com.mysql.cj.exceptions.ExceptionFactory.createException(ExceptionFactory.java:105) ~[mysql-connector-java-8.0.23.jar:8.0.23]
	at com.mysql.cj.exceptions.ExceptionFactory.createException(ExceptionFactory.java:151) ~[mysql-connector-java-8.0.23.jar:8.0.23]
	at com.mysql.cj.exceptions.ExceptionFactory.createCommunicationsException(ExceptionFactory.java:167) ~[mysql-connector-java-8.0.23.jar:8.0.23]
	at com.mysql.cj.protocol.a.NativeSocketConnection.connect(NativeSocketConnection.java:89) ~[mysql-connector-java-8.0.23.jar:8.0.23]
	at com.mysql.cj.NativeSession.connect(NativeSession.java:144) ~[mysql-connector-java-8.0.23.jar:8.0.23]
	at com.mysql.cj.jdbc.ConnectionImpl.connectOneTryOnly(ConnectionImpl.java:953) ~[mysql-connector-java-8.0.23.jar:8.0.23]
	at com.mysql.cj.jdbc.ConnectionImpl.createNewIO(ConnectionImpl.java:823) ~[mysql-connector-java-8.0.23.jar:8.0.23]
	... 53 common frames omitted
Caused by: java.net.UnknownHostException: No such host is known (mysql-standalone-01)
	at java.base/java.net.Inet6AddressImpl.lookupAllHostAddr(Native Method) ~[na:na]
	at java.base/java.net.Inet6AddressImpl.lookupAllHostAddr(Inet6AddressImpl.java:52) ~[na:na]
	at java.base/java.net.InetAddress$PlatformResolver.lookupByName(InetAddress.java:1221) ~[na:na]
	at java.base/java.net.InetAddress.getAddressesFromNameService(InetAddress.java:1817) ~[na:na]
	at java.base/java.net.InetAddress$NameServiceAddresses.get(InetAddress.java:1149) ~[na:na]
	at java.base/java.net.InetAddress.getAllByName0(InetAddress.java:1807) ~[na:na]
	at java.base/java.net.InetAddress.getAllByName(InetAddress.java:1676) ~[na:na]
	at com.mysql.cj.protocol.StandardSocketFactory.connect(StandardSocketFactory.java:132) ~[mysql-connector-java-8.0.23.jar:8.0.23]
	at com.mysql.cj.protocol.a.NativeSocketConnection.connect(NativeSocketConnection.java:63) ~[mysql-connector-java-8.0.23.jar:8.0.23]
	... 56 common frames omitted

2025-07-23 01:48:31.612  INFO 33832 --- [restartedMain] org.hibernate.dialect.Dialect            : HHH000400: Using dialect: org.hibernate.dialect.MySQL5InnoDBDialect
2025-07-23 01:48:31.988  INFO 33832 --- [restartedMain] com.zaxxer.hikari.HikariDataSource       : HikariPool-1 - Starting...
2025-07-23 01:48:32.996 ERROR 33832 --- [restartedMain] com.zaxxer.hikari.pool.HikariPool        : HikariPool-1 - Exception during pool initialization.

com.mysql.cj.jdbc.exceptions.CommunicationsException: Communications link failure

The last packet sent successfully to the server was 0 milliseconds ago. The driver has not received any packets from the server.
	at com.mysql.cj.jdbc.exceptions.SQLError.createCommunicationsException(SQLError.java:174) ~[mysql-connector-java-8.0.23.jar:8.0.23]
	at com.mysql.cj.jdbc.exceptions.SQLExceptionsMapping.translateException(SQLExceptionsMapping.java:64) ~[mysql-connector-java-8.0.23.jar:8.0.23]
	at com.mysql.cj.jdbc.ConnectionImpl.createNewIO(ConnectionImpl.java:833) ~[mysql-connector-java-8.0.23.jar:8.0.23]
	at com.mysql.cj.jdbc.ConnectionImpl.<init>(ConnectionImpl.java:453) ~[mysql-connector-java-8.0.23.jar:8.0.23]
	at com.mysql.cj.jdbc.ConnectionImpl.getInstance(ConnectionImpl.java:246) ~[mysql-connector-java-8.0.23.jar:8.0.23]
	at com.mysql.cj.jdbc.NonRegisteringDriver.connect(NonRegisteringDriver.java:198) ~[mysql-connector-java-8.0.23.jar:8.0.23]
	at com.zaxxer.hikari.util.DriverDataSource.getConnection(DriverDataSource.java:138) ~[HikariCP-3.4.5.jar:na]
	at com.zaxxer.hikari.pool.PoolBase.newConnection(PoolBase.java:358) ~[HikariCP-3.4.5.jar:na]
	at com.zaxxer.hikari.pool.PoolBase.newPoolEntry(PoolBase.java:206) ~[HikariCP-3.4.5.jar:na]
	at com.zaxxer.hikari.pool.HikariPool.createPoolEntry(HikariPool.java:477) ~[HikariCP-3.4.5.jar:na]
	at com.zaxxer.hikari.pool.HikariPool.checkFailFast(HikariPool.java:560) ~[HikariCP-3.4.5.jar:na]
	at com.zaxxer.hikari.pool.HikariPool.<init>(HikariPool.java:115) ~[HikariCP-3.4.5.jar:na]
	at com.zaxxer.hikari.HikariDataSource.getConnection(HikariDataSource.java:112) ~[HikariCP-3.4.5.jar:na]
	at org.hibernate.engine.jdbc.connections.internal.DatasourceConnectionProviderImpl.getConnection(DatasourceConnectionProviderImpl.java:122) ~[hibernate-core-5.4.30.Final.jar:5.4.30.Final]
	at org.hibernate.engine.jdbc.env.internal.JdbcEnvironmentInitiator$ConnectionProviderJdbcConnectionAccess.obtainConnection(JdbcEnvironmentInitiator.java:180) ~[hibernate-core-5.4.30.Final.jar:5.4.30.Final]
	at org.hibernate.resource.transaction.backend.jdbc.internal.DdlTransactionIsolatorNonJtaImpl.getIsolatedConnection(DdlTransactionIsolatorNonJtaImpl.java:43) ~[hibernate-core-5.4.30.Final.jar:5.4.30.Final]
	at org.hibernate.tool.schema.internal.exec.ImprovedExtractionContextImpl.getJdbcConnection(ImprovedExtractionContextImpl.java:60) ~[hibernate-core-5.4.30.Final.jar:5.4.30.Final]
	at org.hibernate.tool.schema.internal.exec.ImprovedExtractionContextImpl.getJdbcDatabaseMetaData(ImprovedExtractionContextImpl.java:67) ~[hibernate-core-5.4.30.Final.jar:5.4.30.Final]
	at org.hibernate.tool.schema.extract.internal.InformationExtractorJdbcDatabaseMetaDataImpl.getTables(InformationExtractorJdbcDatabaseMetaDataImpl.java:333) ~[hibernate-core-5.4.30.Final.jar:5.4.30.Final]
	at org.hibernate.tool.schema.extract.internal.DatabaseInformationImpl.getTablesInformation(DatabaseInformationImpl.java:120) ~[hibernate-core-5.4.30.Final.jar:5.4.30.Final]
	at org.hibernate.tool.schema.internal.GroupedSchemaMigratorImpl.performTablesMigration(GroupedSchemaMigratorImpl.java:65) ~[hibernate-core-5.4.30.Final.jar:5.4.30.Final]
	at org.hibernate.tool.schema.internal.AbstractSchemaMigrator.performMigration(AbstractSchemaMigrator.java:207) ~[hibernate-core-5.4.30.Final.jar:5.4.30.Final]
	at org.hibernate.tool.schema.internal.AbstractSchemaMigrator.doMigration(AbstractSchemaMigrator.java:114) ~[hibernate-core-5.4.30.Final.jar:5.4.30.Final]
	at org.hibernate.tool.schema.spi.SchemaManagementToolCoordinator.performDatabaseAction(SchemaManagementToolCoordinator.java:184) ~[hibernate-core-5.4.30.Final.jar:5.4.30.Final]
	at org.hibernate.tool.schema.spi.SchemaManagementToolCoordinator.process(SchemaManagementToolCoordinator.java:73) ~[hibernate-core-5.4.30.Final.jar:5.4.30.Final]
	at org.hibernate.internal.SessionFactoryImpl.<init>(SessionFactoryImpl.java:318) ~[hibernate-core-5.4.30.Final.jar:5.4.30.Final]
	at org.hibernate.boot.internal.SessionFactoryBuilderImpl.build(SessionFactoryBuilderImpl.java:468) ~[hibernate-core-5.4.30.Final.jar:5.4.30.Final]
	at org.hibernate.jpa.boot.internal.EntityManagerFactoryBuilderImpl.build(EntityManagerFactoryBuilderImpl.java:1259) ~[hibernate-core-5.4.30.Final.jar:5.4.30.Final]
	at org.springframework.orm.jpa.vendor.SpringHibernateJpaPersistenceProvider.createContainerEntityManagerFactory(SpringHibernateJpaPersistenceProvider.java:58) ~[spring-orm-5.3.6.jar:5.3.6]
	at org.springframework.orm.jpa.LocalContainerEntityManagerFactoryBean.createNativeEntityManagerFactory(LocalContainerEntityManagerFactoryBean.java:365) ~[spring-orm-5.3.6.jar:5.3.6]
	at org.springframework.orm.jpa.AbstractEntityManagerFactoryBean.buildNativeEntityManagerFactory(AbstractEntityManagerFactoryBean.java:409) ~[spring-orm-5.3.6.jar:5.3.6]
	at org.springframework.orm.jpa.AbstractEntityManagerFactoryBean.afterPropertiesSet(AbstractEntityManagerFactoryBean.java:396) ~[spring-orm-5.3.6.jar:5.3.6]
	at org.springframework.orm.jpa.LocalContainerEntityManagerFactoryBean.afterPropertiesSet(LocalContainerEntityManagerFactoryBean.java:341) ~[spring-orm-5.3.6.jar:5.3.6]
	at org.springframework.beans.factory.support.AbstractAutowireCapableBeanFactory.invokeInitMethods(AbstractAutowireCapableBeanFactory.java:1845) ~[spring-beans-5.3.6.jar:5.3.6]
	at org.springframework.beans.factory.support.AbstractAutowireCapableBeanFactory.initializeBean(AbstractAutowireCapableBeanFactory.java:1782) ~[spring-beans-5.3.6.jar:5.3.6]
	at org.springframework.beans.factory.support.AbstractAutowireCapableBeanFactory.doCreateBean(AbstractAutowireCapableBeanFactory.java:602) ~[spring-beans-5.3.6.jar:5.3.6]
	at org.springframework.beans.factory.support.AbstractAutowireCapableBeanFactory.createBean(AbstractAutowireCapableBeanFactory.java:524) ~[spring-beans-5.3.6.jar:5.3.6]
	at org.springframework.beans.factory.support.AbstractBeanFactory.lambda$doGetBean$0(AbstractBeanFactory.java:335) ~[spring-beans-5.3.6.jar:5.3.6]
	at org.springframework.beans.factory.support.DefaultSingletonBeanRegistry.getSingleton(DefaultSingletonBeanRegistry.java:234) ~[spring-beans-5.3.6.jar:5.3.6]
	at org.springframework.beans.factory.support.AbstractBeanFactory.doGetBean(AbstractBeanFactory.java:333) ~[spring-beans-5.3.6.jar:5.3.6]
	at org.springframework.beans.factory.support.AbstractBeanFactory.getBean(AbstractBeanFactory.java:208) ~[spring-beans-5.3.6.jar:5.3.6]
	at org.springframework.context.support.AbstractApplicationContext.getBean(AbstractApplicationContext.java:1154) ~[spring-context-5.3.6.jar:5.3.6]
	at org.springframework.context.support.AbstractApplicationContext.finishBeanFactoryInitialization(AbstractApplicationContext.java:908) ~[spring-context-5.3.6.jar:5.3.6]
	at org.springframework.context.support.AbstractApplicationContext.refresh(AbstractApplicationContext.java:583) ~[spring-context-5.3.6.jar:5.3.6]
	at org.springframework.boot.web.servlet.context.ServletWebServerApplicationContext.refresh(ServletWebServerApplicationContext.java:144) ~[spring-boot-2.4.5.jar:2.4.5]
	at org.springframework.boot.SpringApplication.refresh(SpringApplication.java:782) ~[spring-boot-2.4.5.jar:2.4.5]
	at org.springframework.boot.SpringApplication.refresh(SpringApplication.java:774) ~[spring-boot-2.4.5.jar:2.4.5]
	at org.springframework.boot.SpringApplication.refreshContext(SpringApplication.java:439) ~[spring-boot-2.4.5.jar:2.4.5]
	at org.springframework.boot.SpringApplication.run(SpringApplication.java:339) ~[spring-boot-2.4.5.jar:2.4.5]
	at org.springframework.boot.SpringApplication.run(SpringApplication.java:1340) ~[spring-boot-2.4.5.jar:2.4.5]
	at org.springframework.boot.SpringApplication.run(SpringApplication.java:1329) ~[spring-boot-2.4.5.jar:2.4.5]
	at com.manage.product_management.ProductManagementApplication.main(ProductManagementApplication.java:10) ~[classes/:na]
	at java.base/jdk.internal.reflect.DirectMethodHandleAccessor.invoke(DirectMethodHandleAccessor.java:103) ~[na:na]
	at java.base/java.lang.reflect.Method.invoke(Method.java:580) ~[na:na]
	at org.springframework.boot.devtools.restart.RestartLauncher.run(RestartLauncher.java:49) ~[spring-boot-devtools-2.4.5.jar:2.4.5]
Caused by: com.mysql.cj.exceptions.CJCommunicationsException: Communications link failure

The last packet sent successfully to the server was 0 milliseconds ago. The driver has not received any packets from the server.
	at java.base/jdk.internal.reflect.DirectConstructorHandleAccessor.newInstance(DirectConstructorHandleAccessor.java:62) ~[na:na]
	at java.base/java.lang.reflect.Constructor.newInstanceWithCaller(Constructor.java:501) ~[na:na]
	at java.base/java.lang.reflect.Constructor.newInstance(Constructor.java:485) ~[na:na]
	at com.mysql.cj.exceptions.ExceptionFactory.createException(ExceptionFactory.java:61) ~[mysql-connector-java-8.0.23.jar:8.0.23]
	at com.mysql.cj.exceptions.ExceptionFactory.createException(ExceptionFactory.java:105) ~[mysql-connector-java-8.0.23.jar:8.0.23]
	at com.mysql.cj.exceptions.ExceptionFactory.createException(ExceptionFactory.java:151) ~[mysql-connector-java-8.0.23.jar:8.0.23]
	at com.mysql.cj.exceptions.ExceptionFactory.createCommunicationsException(ExceptionFactory.java:167) ~[mysql-connector-java-8.0.23.jar:8.0.23]
	at com.mysql.cj.protocol.a.NativeSocketConnection.connect(NativeSocketConnection.java:89) ~[mysql-connector-java-8.0.23.jar:8.0.23]
	at com.mysql.cj.NativeSession.connect(NativeSession.java:144) ~[mysql-connector-java-8.0.23.jar:8.0.23]
	at com.mysql.cj.jdbc.ConnectionImpl.connectOneTryOnly(ConnectionImpl.java:953) ~[mysql-connector-java-8.0.23.jar:8.0.23]
	at com.mysql.cj.jdbc.ConnectionImpl.createNewIO(ConnectionImpl.java:823) ~[mysql-connector-java-8.0.23.jar:8.0.23]
	... 52 common frames omitted
Caused by: java.net.UnknownHostException: mysql-standalone-01
	at java.base/java.net.InetAddress$CachedLookup.get(InetAddress.java:998) ~[na:na]
	at java.base/java.net.InetAddress.getAllByName0(InetAddress.java:1807) ~[na:na]
	at java.base/java.net.InetAddress.getAllByName(InetAddress.java:1676) ~[na:na]
	at com.mysql.cj.protocol.StandardSocketFactory.connect(StandardSocketFactory.java:132) ~[mysql-connector-java-8.0.23.jar:8.0.23]
	at com.mysql.cj.protocol.a.NativeSocketConnection.connect(NativeSocketConnection.java:63) ~[mysql-connector-java-8.0.23.jar:8.0.23]
	... 55 common frames omitted

2025-07-23 01:48:32.999  WARN 33832 --- [restartedMain] o.h.engine.jdbc.spi.SqlExceptionHelper   : SQL Error: 0, SQLState: 08S01
2025-07-23 01:48:33.000 ERROR 33832 --- [restartedMain] o.h.engine.jdbc.spi.SqlExceptionHelper   : Communications link failure

The last packet sent successfully to the server was 0 milliseconds ago. The driver has not received any packets from the server.
2025-07-23 01:48:33.011 ERROR 33832 --- [restartedMain] j.LocalContainerEntityManagerFactoryBean : Failed to initialize JPA EntityManagerFactory: [PersistenceUnit: default] Unable to build Hibernate SessionFactory; nested exception is org.hibernate.exception.JDBCConnectionException: Unable to open JDBC Connection for DDL execution
2025-07-23 01:48:33.013  WARN 33832 --- [restartedMain] ConfigServletWebServerApplicationContext : Exception encountered during context initialization - cancelling refresh attempt: org.springframework.beans.factory.BeanCreationException: Error creating bean with name 'entityManagerFactory' defined in class path resource [org/springframework/boot/autoconfigure/orm/jpa/HibernateJpaConfiguration.class]: Invocation of init method failed; nested exception is javax.persistence.PersistenceException: [PersistenceUnit: default] Unable to build Hibernate SessionFactory; nested exception is org.hibernate.exception.JDBCConnectionException: Unable to open JDBC Connection for DDL execution
2025-07-23 01:48:33.017  INFO 33832 --- [restartedMain] o.apache.catalina.core.StandardService   : Stopping service [Tomcat]
2025-07-23 01:48:33.027  INFO 33832 --- [restartedMain] ConditionEvaluationReportLoggingListener : 

Error starting ApplicationContext. To display the conditions report re-run your application with 'debug' enabled.
2025-07-23 01:48:33.039 ERROR 33832 --- [restartedMain] o.s.boot.SpringApplication               : Application run failed

org.springframework.beans.factory.BeanCreationException: Error creating bean with name 'entityManagerFactory' defined in class path resource [org/springframework/boot/autoconfigure/orm/jpa/HibernateJpaConfiguration.class]: Invocation of init method failed; nested exception is javax.persistence.PersistenceException: [PersistenceUnit: default] Unable to build Hibernate SessionFactory; nested exception is org.hibernate.exception.JDBCConnectionException: Unable to open JDBC Connection for DDL execution
	at org.springframework.beans.factory.support.AbstractAutowireCapableBeanFactory.initializeBean(AbstractAutowireCapableBeanFactory.java:1786) ~[spring-beans-5.3.6.jar:5.3.6]
	at org.springframework.beans.factory.support.AbstractAutowireCapableBeanFactory.doCreateBean(AbstractAutowireCapableBeanFactory.java:602) ~[spring-beans-5.3.6.jar:5.3.6]
	at org.springframework.beans.factory.support.AbstractAutowireCapableBeanFactory.createBean(AbstractAutowireCapableBeanFactory.java:524) ~[spring-beans-5.3.6.jar:5.3.6]
	at org.springframework.beans.factory.support.AbstractBeanFactory.lambda$doGetBean$0(AbstractBeanFactory.java:335) ~[spring-beans-5.3.6.jar:5.3.6]
	at org.springframework.beans.factory.support.DefaultSingletonBeanRegistry.getSingleton(DefaultSingletonBeanRegistry.java:234) ~[spring-beans-5.3.6.jar:5.3.6]
	at org.springframework.beans.factory.support.AbstractBeanFactory.doGetBean(AbstractBeanFactory.java:333) ~[spring-beans-5.3.6.jar:5.3.6]
	at org.springframework.beans.factory.support.AbstractBeanFactory.getBean(AbstractBeanFactory.java:208) ~[spring-beans-5.3.6.jar:5.3.6]
	at org.springframework.context.support.AbstractApplicationContext.getBean(AbstractApplicationContext.java:1154) ~[spring-context-5.3.6.jar:5.3.6]
	at org.springframework.context.support.AbstractApplicationContext.finishBeanFactoryInitialization(AbstractApplicationContext.java:908) ~[spring-context-5.3.6.jar:5.3.6]
	at org.springframework.context.support.AbstractApplicationContext.refresh(AbstractApplicationContext.java:583) ~[spring-context-5.3.6.jar:5.3.6]
	at org.springframework.boot.web.servlet.context.ServletWebServerApplicationContext.refresh(ServletWebServerApplicationContext.java:144) ~[spring-boot-2.4.5.jar:2.4.5]
	at org.springframework.boot.SpringApplication.refresh(SpringApplication.java:782) ~[spring-boot-2.4.5.jar:2.4.5]
	at org.springframework.boot.SpringApplication.refresh(SpringApplication.java:774) ~[spring-boot-2.4.5.jar:2.4.5]
	at org.springframework.boot.SpringApplication.refreshContext(SpringApplication.java:439) ~[spring-boot-2.4.5.jar:2.4.5]
	at org.springframework.boot.SpringApplication.run(SpringApplication.java:339) ~[spring-boot-2.4.5.jar:2.4.5]
	at org.springframework.boot.SpringApplication.run(SpringApplication.java:1340) ~[spring-boot-2.4.5.jar:2.4.5]
	at org.springframework.boot.SpringApplication.run(SpringApplication.java:1329) ~[spring-boot-2.4.5.jar:2.4.5]
	at com.manage.product_management.ProductManagementApplication.main(ProductManagementApplication.java:10) ~[classes/:na]
	at java.base/jdk.internal.reflect.DirectMethodHandleAccessor.invoke(DirectMethodHandleAccessor.java:103) ~[na:na]
	at java.base/java.lang.reflect.Method.invoke(Method.java:580) ~[na:na]
	at org.springframework.boot.devtools.restart.RestartLauncher.run(RestartLauncher.java:49) ~[spring-boot-devtools-2.4.5.jar:2.4.5]
Caused by: javax.persistence.PersistenceException: [PersistenceUnit: default] Unable to build Hibernate SessionFactory; nested exception is org.hibernate.exception.JDBCConnectionException: Unable to open JDBC Connection for DDL execution
	at org.springframework.orm.jpa.AbstractEntityManagerFactoryBean.buildNativeEntityManagerFactory(AbstractEntityManagerFactoryBean.java:421) ~[spring-orm-5.3.6.jar:5.3.6]
	at org.springframework.orm.jpa.AbstractEntityManagerFactoryBean.afterPropertiesSet(AbstractEntityManagerFactoryBean.java:396) ~[spring-orm-5.3.6.jar:5.3.6]
	at org.springframework.orm.jpa.LocalContainerEntityManagerFactoryBean.afterPropertiesSet(LocalContainerEntityManagerFactoryBean.java:341) ~[spring-orm-5.3.6.jar:5.3.6]
	at org.springframework.beans.factory.support.AbstractAutowireCapableBeanFactory.invokeInitMethods(AbstractAutowireCapableBeanFactory.java:1845) ~[spring-beans-5.3.6.jar:5.3.6]
	at org.springframework.beans.factory.support.AbstractAutowireCapableBeanFactory.initializeBean(AbstractAutowireCapableBeanFactory.java:1782) ~[spring-beans-5.3.6.jar:5.3.6]
	... 20 common frames omitted
Caused by: org.hibernate.exception.JDBCConnectionException: Unable to open JDBC Connection for DDL execution
	at org.hibernate.exception.internal.SQLStateConversionDelegate.convert(SQLStateConversionDelegate.java:112) ~[hibernate-core-5.4.30.Final.jar:5.4.30.Final]
	at org.hibernate.exception.internal.StandardSQLExceptionConverter.convert(StandardSQLExceptionConverter.java:42) ~[hibernate-core-5.4.30.Final.jar:5.4.30.Final]
	at org.hibernate.engine.jdbc.spi.SqlExceptionHelper.convert(SqlExceptionHelper.java:113) ~[hibernate-core-5.4.30.Final.jar:5.4.30.Final]
	at org.hibernate.engine.jdbc.spi.SqlExceptionHelper.convert(SqlExceptionHelper.java:99) ~[hibernate-core-5.4.30.Final.jar:5.4.30.Final]
	at org.hibernate.resource.transaction.backend.jdbc.internal.DdlTransactionIsolatorNonJtaImpl.getIsolatedConnection(DdlTransactionIsolatorNonJtaImpl.java:69) ~[hibernate-core-5.4.30.Final.jar:5.4.30.Final]
	at org.hibernate.tool.schema.internal.exec.ImprovedExtractionContextImpl.getJdbcConnection(ImprovedExtractionContextImpl.java:60) ~[hibernate-core-5.4.30.Final.jar:5.4.30.Final]
	at org.hibernate.tool.schema.internal.exec.ImprovedExtractionContextImpl.getJdbcDatabaseMetaData(ImprovedExtractionContextImpl.java:67) ~[hibernate-core-5.4.30.Final.jar:5.4.30.Final]
	at org.hibernate.tool.schema.extract.internal.InformationExtractorJdbcDatabaseMetaDataImpl.getTables(InformationExtractorJdbcDatabaseMetaDataImpl.java:333) ~[hibernate-core-5.4.30.Final.jar:5.4.30.Final]
	at org.hibernate.tool.schema.extract.internal.DatabaseInformationImpl.getTablesInformation(DatabaseInformationImpl.java:120) ~[hibernate-core-5.4.30.Final.jar:5.4.30.Final]
	at org.hibernate.tool.schema.internal.GroupedSchemaMigratorImpl.performTablesMigration(GroupedSchemaMigratorImpl.java:65) ~[hibernate-core-5.4.30.Final.jar:5.4.30.Final]
	at org.hibernate.tool.schema.internal.AbstractSchemaMigrator.performMigration(AbstractSchemaMigrator.java:207) ~[hibernate-core-5.4.30.Final.jar:5.4.30.Final]
	at org.hibernate.tool.schema.internal.AbstractSchemaMigrator.doMigration(AbstractSchemaMigrator.java:114) ~[hibernate-core-5.4.30.Final.jar:5.4.30.Final]
	at org.hibernate.tool.schema.spi.SchemaManagementToolCoordinator.performDatabaseAction(SchemaManagementToolCoordinator.java:184) ~[hibernate-core-5.4.30.Final.jar:5.4.30.Final]
	at org.hibernate.tool.schema.spi.SchemaManagementToolCoordinator.process(SchemaManagementToolCoordinator.java:73) ~[hibernate-core-5.4.30.Final.jar:5.4.30.Final]
	at org.hibernate.internal.SessionFactoryImpl.<init>(SessionFactoryImpl.java:318) ~[hibernate-core-5.4.30.Final.jar:5.4.30.Final]
	at org.hibernate.boot.internal.SessionFactoryBuilderImpl.build(SessionFactoryBuilderImpl.java:468) ~[hibernate-core-5.4.30.Final.jar:5.4.30.Final]
	at org.hibernate.jpa.boot.internal.EntityManagerFactoryBuilderImpl.build(EntityManagerFactoryBuilderImpl.java:1259) ~[hibernate-core-5.4.30.Final.jar:5.4.30.Final]
	at org.springframework.orm.jpa.vendor.SpringHibernateJpaPersistenceProvider.createContainerEntityManagerFactory(SpringHibernateJpaPersistenceProvider.java:58) ~[spring-orm-5.3.6.jar:5.3.6]
	at org.springframework.orm.jpa.LocalContainerEntityManagerFactoryBean.createNativeEntityManagerFactory(LocalContainerEntityManagerFactoryBean.java:365) ~[spring-orm-5.3.6.jar:5.3.6]
	at org.springframework.orm.jpa.AbstractEntityManagerFactoryBean.buildNativeEntityManagerFactory(AbstractEntityManagerFactoryBean.java:409) ~[spring-orm-5.3.6.jar:5.3.6]
	... 24 common frames omitted
Caused by: com.mysql.cj.jdbc.exceptions.CommunicationsException: Communications link failure

The last packet sent successfully to the server was 0 milliseconds ago. The driver has not received any packets from the server.
	at com.mysql.cj.jdbc.exceptions.SQLError.createCommunicationsException(SQLError.java:174) ~[mysql-connector-java-8.0.23.jar:8.0.23]
	at com.mysql.cj.jdbc.exceptions.SQLExceptionsMapping.translateException(SQLExceptionsMapping.java:64) ~[mysql-connector-java-8.0.23.jar:8.0.23]
	at com.mysql.cj.jdbc.ConnectionImpl.createNewIO(ConnectionImpl.java:833) ~[mysql-connector-java-8.0.23.jar:8.0.23]
	at com.mysql.cj.jdbc.ConnectionImpl.<init>(ConnectionImpl.java:453) ~[mysql-connector-java-8.0.23.jar:8.0.23]
	at com.mysql.cj.jdbc.ConnectionImpl.getInstance(ConnectionImpl.java:246) ~[mysql-connector-java-8.0.23.jar:8.0.23]
	at com.mysql.cj.jdbc.NonRegisteringDriver.connect(NonRegisteringDriver.java:198) ~[mysql-connector-java-8.0.23.jar:8.0.23]
	at com.zaxxer.hikari.util.DriverDataSource.getConnection(DriverDataSource.java:138) ~[HikariCP-3.4.5.jar:na]
	at com.zaxxer.hikari.pool.PoolBase.newConnection(PoolBase.java:358) ~[HikariCP-3.4.5.jar:na]
	at com.zaxxer.hikari.pool.PoolBase.newPoolEntry(PoolBase.java:206) ~[HikariCP-3.4.5.jar:na]
	at com.zaxxer.hikari.pool.HikariPool.createPoolEntry(HikariPool.java:477) ~[HikariCP-3.4.5.jar:na]
	at com.zaxxer.hikari.pool.HikariPool.checkFailFast(HikariPool.java:560) ~[HikariCP-3.4.5.jar:na]
	at com.zaxxer.hikari.pool.HikariPool.<init>(HikariPool.java:115) ~[HikariCP-3.4.5.jar:na]
	at com.zaxxer.hikari.HikariDataSource.getConnection(HikariDataSource.java:112) ~[HikariCP-3.4.5.jar:na]
	at org.hibernate.engine.jdbc.connections.internal.DatasourceConnectionProviderImpl.getConnection(DatasourceConnectionProviderImpl.java:122) ~[hibernate-core-5.4.30.Final.jar:5.4.30.Final]
	at org.hibernate.engine.jdbc.env.internal.JdbcEnvironmentInitiator$ConnectionProviderJdbcConnectionAccess.obtainConnection(JdbcEnvironmentInitiator.java:180) ~[hibernate-core-5.4.30.Final.jar:5.4.30.Final]
	at org.hibernate.resource.transaction.backend.jdbc.internal.DdlTransactionIsolatorNonJtaImpl.getIsolatedConnection(DdlTransactionIsolatorNonJtaImpl.java:43) ~[hibernate-core-5.4.30.Final.jar:5.4.30.Final]
	... 39 common frames omitted
Caused by: com.mysql.cj.exceptions.CJCommunicationsException: Communications link failure

The last packet sent successfully to the server was 0 milliseconds ago. The driver has not received any packets from the server.
	at java.base/jdk.internal.reflect.DirectConstructorHandleAccessor.newInstance(DirectConstructorHandleAccessor.java:62) ~[na:na]
	at java.base/java.lang.reflect.Constructor.newInstanceWithCaller(Constructor.java:501) ~[na:na]
	at java.base/java.lang.reflect.Constructor.newInstance(Constructor.java:485) ~[na:na]
	at com.mysql.cj.exceptions.ExceptionFactory.createException(ExceptionFactory.java:61) ~[mysql-connector-java-8.0.23.jar:8.0.23]
	at com.mysql.cj.exceptions.ExceptionFactory.createException(ExceptionFactory.java:105) ~[mysql-connector-java-8.0.23.jar:8.0.23]
	at com.mysql.cj.exceptions.ExceptionFactory.createException(ExceptionFactory.java:151) ~[mysql-connector-java-8.0.23.jar:8.0.23]
	at com.mysql.cj.exceptions.ExceptionFactory.createCommunicationsException(ExceptionFactory.java:167) ~[mysql-connector-java-8.0.23.jar:8.0.23]
	at com.mysql.cj.protocol.a.NativeSocketConnection.connect(NativeSocketConnection.java:89) ~[mysql-connector-java-8.0.23.jar:8.0.23]
	at com.mysql.cj.NativeSession.connect(NativeSession.java:144) ~[mysql-connector-java-8.0.23.jar:8.0.23]
	at com.mysql.cj.jdbc.ConnectionImpl.connectOneTryOnly(ConnectionImpl.java:953) ~[mysql-connector-java-8.0.23.jar:8.0.23]
	at com.mysql.cj.jdbc.ConnectionImpl.createNewIO(ConnectionImpl.java:823) ~[mysql-connector-java-8.0.23.jar:8.0.23]
	... 52 common frames omitted
Caused by: java.net.UnknownHostException: mysql-standalone-01
	at java.base/java.net.InetAddress$CachedLookup.get(InetAddress.java:998) ~[na:na]
	at java.base/java.net.InetAddress.getAllByName0(InetAddress.java:1807) ~[na:na]
	at java.base/java.net.InetAddress.getAllByName(InetAddress.java:1676) ~[na:na]
	at com.mysql.cj.protocol.StandardSocketFactory.connect(StandardSocketFactory.java:132) ~[mysql-connector-java-8.0.23.jar:8.0.23]
	at com.mysql.cj.protocol.a.NativeSocketConnection.connect(NativeSocketConnection.java:63) ~[mysql-connector-java-8.0.23.jar:8.0.23]
	... 55 common frames omitted

2025-07-23 01:52:49.587  INFO 35028 --- [restartedMain] c.m.p.ProductManagementApplication       : Starting ProductManagementApplication using Java 23.0.1 on G3N1U5 with PID 35028 (D:\Project\PackageManagement\target\classes started by Aditya Shinde in D:\Project\PackageManagement)
2025-07-23 01:52:49.591  INFO 35028 --- [restartedMain] c.m.p.ProductManagementApplication       : No active profile set, falling back to default profiles: default
2025-07-23 01:52:49.674  INFO 35028 --- [restartedMain] .e.DevToolsPropertyDefaultsPostProcessor : Devtools property defaults active! Set 'spring.devtools.add-properties' to 'false' to disable
2025-07-23 01:52:49.675  INFO 35028 --- [restartedMain] .e.DevToolsPropertyDefaultsPostProcessor : For additional web related logging consider setting the 'logging.level.web' property to 'DEBUG'
2025-07-23 01:52:50.276  INFO 35028 --- [restartedMain] .s.d.r.c.RepositoryConfigurationDelegate : Multiple Spring Data modules found, entering strict repository configuration mode!
2025-07-23 01:52:50.277  INFO 35028 --- [restartedMain] .s.d.r.c.RepositoryConfigurationDelegate : Bootstrapping Spring Data JDBC repositories in DEFAULT mode.
2025-07-23 01:52:50.302  INFO 35028 --- [restartedMain] .RepositoryConfigurationExtensionSupport : Spring Data JDBC - Could not safely identify store assignment for repository candidate interface com.manage.product_management.repository.adminrepository. If you want this repository to be a JDBC repository, consider annotating your entities with one of these annotations: org.springframework.data.relational.core.mapping.Table.
2025-07-23 01:52:50.304  INFO 35028 --- [restartedMain] .RepositoryConfigurationExtensionSupport : Spring Data JDBC - Could not safely identify store assignment for repository candidate interface com.manage.product_management.repository.recordrepository. If you want this repository to be a JDBC repository, consider annotating your entities with one of these annotations: org.springframework.data.relational.core.mapping.Table.
2025-07-23 01:52:50.307  INFO 35028 --- [restartedMain] .s.d.r.c.RepositoryConfigurationDelegate : Finished Spring Data repository scanning in 27 ms. Found 0 JDBC repository interfaces.
2025-07-23 01:52:50.317  INFO 35028 --- [restartedMain] .s.d.r.c.RepositoryConfigurationDelegate : Multiple Spring Data modules found, entering strict repository configuration mode!
2025-07-23 01:52:50.318  INFO 35028 --- [restartedMain] .s.d.r.c.RepositoryConfigurationDelegate : Bootstrapping Spring Data JPA repositories in DEFAULT mode.
2025-07-23 01:52:50.342  INFO 35028 --- [restartedMain] .s.d.r.c.RepositoryConfigurationDelegate : Finished Spring Data repository scanning in 21 ms. Found 2 JPA repository interfaces.
2025-07-23 01:52:50.860  INFO 35028 --- [restartedMain] o.s.b.w.embedded.tomcat.TomcatWebServer  : Tomcat initialized with port(s): 8095 (http)
2025-07-23 01:52:50.867  INFO 35028 --- [restartedMain] o.apache.catalina.core.StandardService   : Starting service [Tomcat]
2025-07-23 01:52:50.867  INFO 35028 --- [restartedMain] org.apache.catalina.core.StandardEngine  : Starting Servlet engine: [Apache Tomcat/9.0.45]
2025-07-23 01:52:50.930  INFO 35028 --- [restartedMain] o.a.c.c.C.[Tomcat].[localhost].[/]       : Initializing Spring embedded WebApplicationContext
2025-07-23 01:52:50.930  INFO 35028 --- [restartedMain] w.s.c.ServletWebServerApplicationContext : Root WebApplicationContext: initialization completed in 1255 ms
2025-07-23 01:52:51.142  INFO 35028 --- [restartedMain] o.hibernate.jpa.internal.util.LogHelper  : HHH000204: Processing PersistenceUnitInfo [name: default]
2025-07-23 01:52:51.175  INFO 35028 --- [restartedMain] org.hibernate.Version                    : HHH000412: Hibernate ORM core version 5.4.30.Final
2025-07-23 01:52:51.263  INFO 35028 --- [restartedMain] o.hibernate.annotations.common.Version   : HCANN000001: Hibernate Commons Annotations {5.1.2.Final}
2025-07-23 01:52:51.324  INFO 35028 --- [restartedMain] com.zaxxer.hikari.HikariDataSource       : HikariPool-1 - Starting...
2025-07-23 01:52:51.819  INFO 35028 --- [restartedMain] com.zaxxer.hikari.HikariDataSource       : HikariPool-1 - Start completed.
2025-07-23 01:52:51.831  INFO 35028 --- [restartedMain] org.hibernate.dialect.Dialect            : HHH000400: Using dialect: org.hibernate.dialect.MySQL5InnoDBDialect
2025-07-23 01:52:52.438  INFO 35028 --- [restartedMain] o.h.e.t.j.p.i.JtaPlatformInitiator       : HHH000490: Using JtaPlatform implementation: [org.hibernate.engine.transaction.jta.platform.internal.NoJtaPlatform]
2025-07-23 01:52:52.445  INFO 35028 --- [restartedMain] j.LocalContainerEntityManagerFactoryBean : Initialized JPA EntityManagerFactory for persistence unit 'default'
2025-07-23 01:52:52.497  INFO 35028 --- [restartedMain] o.s.b.d.a.OptionalLiveReloadServer       : LiveReload server is running on port 35729
2025-07-23 01:52:52.832  WARN 35028 --- [restartedMain] JpaBaseConfiguration$JpaWebConfiguration : spring.jpa.open-in-view is enabled by default. Therefore, database queries may be performed during view rendering. Explicitly configure spring.jpa.open-in-view to disable this warning
2025-07-23 01:52:53.144  INFO 35028 --- [restartedMain] o.s.s.concurrent.ThreadPoolTaskExecutor  : Initializing ExecutorService 'applicationTaskExecutor'
2025-07-23 01:52:53.799  INFO 35028 --- [restartedMain] o.s.b.w.embedded.tomcat.TomcatWebServer  : Tomcat started on port(s): 8095 (http) with context path ''
2025-07-23 01:52:53.815  INFO 35028 --- [restartedMain] c.m.p.ProductManagementApplication       : Started ProductManagementApplication in 4.653 seconds (JVM running for 5.399)
2025-07-23 01:54:40.713  INFO 35028 --- [Thread-4] o.s.s.concurrent.ThreadPoolTaskExecutor  : Shutting down ExecutorService 'applicationTaskExecutor'
2025-07-23 01:54:40.714  INFO 35028 --- [Thread-4] j.LocalContainerEntityManagerFactoryBean : Closing JPA EntityManagerFactory for persistence unit 'default'
2025-07-23 01:54:40.717  INFO 35028 --- [Thread-4] com.zaxxer.hikari.HikariDataSource       : HikariPool-1 - Shutdown initiated...
2025-07-23 01:54:40.726  INFO 35028 --- [Thread-4] com.zaxxer.hikari.HikariDataSource       : HikariPool-1 - Shutdown completed.
2025-07-23 01:54:40.828  INFO 35028 --- [restartedMain] c.m.p.ProductManagementApplication       : Starting ProductManagementApplication using Java 23.0.1 on G3N1U5 with PID 35028 (D:\Project\PackageManagement\target\classes started by Aditya Shinde in D:\Project\PackageManagement)
2025-07-23 01:54:40.828  INFO 35028 --- [restartedMain] c.m.p.ProductManagementApplication       : No active profile set, falling back to default profiles: default
2025-07-23 01:54:40.936  INFO 35028 --- [restartedMain] .s.d.r.c.RepositoryConfigurationDelegate : Multiple Spring Data modules found, entering strict repository configuration mode!
2025-07-23 01:54:40.936  INFO 35028 --- [restartedMain] .s.d.r.c.RepositoryConfigurationDelegate : Bootstrapping Spring Data JDBC repositories in DEFAULT mode.
2025-07-23 01:54:40.937  INFO 35028 --- [restartedMain] .s.d.r.c.RepositoryConfigurationDelegate : Finished Spring Data repository scanning in 0 ms. Found 0 JDBC repository interfaces.
2025-07-23 01:54:40.940  INFO 35028 --- [restartedMain] .s.d.r.c.RepositoryConfigurationDelegate : Multiple Spring Data modules found, entering strict repository configuration mode!
2025-07-23 01:54:40.940  INFO 35028 --- [restartedMain] .s.d.r.c.RepositoryConfigurationDelegate : Bootstrapping Spring Data JPA repositories in DEFAULT mode.
2025-07-23 01:54:40.941  INFO 35028 --- [restartedMain] .s.d.r.c.RepositoryConfigurationDelegate : Finished Spring Data repository scanning in 0 ms. Found 0 JPA repository interfaces.
2025-07-23 01:54:40.994  INFO 35028 --- [restartedMain] o.s.b.w.embedded.tomcat.TomcatWebServer  : Tomcat initialized with port(s): 8095 (http)
2025-07-23 01:54:40.995  INFO 35028 --- [restartedMain] o.apache.catalina.core.StandardService   : Starting service [Tomcat]
2025-07-23 01:54:40.995  INFO 35028 --- [restartedMain] org.apache.catalina.core.StandardEngine  : Starting Servlet engine: [Apache Tomcat/9.0.45]
2025-07-23 01:54:41.011  INFO 35028 --- [restartedMain] o.a.c.c.C.[Tomcat].[localhost].[/]       : Initializing Spring embedded WebApplicationContext
2025-07-23 01:54:41.011  INFO 35028 --- [restartedMain] w.s.c.ServletWebServerApplicationContext : Root WebApplicationContext: initialization completed in 181 ms
2025-07-23 01:54:41.036  INFO 35028 --- [restartedMain] o.hibernate.jpa.internal.util.LogHelper  : HHH000204: Processing PersistenceUnitInfo [name: default]
2025-07-23 01:54:41.038  INFO 35028 --- [restartedMain] com.zaxxer.hikari.HikariDataSource       : HikariPool-2 - Starting...
2025-07-23 01:54:41.059  INFO 35028 --- [restartedMain] com.zaxxer.hikari.HikariDataSource       : HikariPool-2 - Start completed.
2025-07-23 01:54:41.059  INFO 35028 --- [restartedMain] org.hibernate.dialect.Dialect            : HHH000400: Using dialect: org.hibernate.dialect.MySQL5InnoDBDialect
2025-07-23 01:54:41.079  INFO 35028 --- [restartedMain] o.h.e.t.j.p.i.JtaPlatformInitiator       : HHH000490: Using JtaPlatform implementation: [org.hibernate.engine.transaction.jta.platform.internal.NoJtaPlatform]
2025-07-23 01:54:41.080  INFO 35028 --- [restartedMain] j.LocalContainerEntityManagerFactoryBean : Initialized JPA EntityManagerFactory for persistence unit 'default'
2025-07-23 01:54:41.090  INFO 35028 --- [restartedMain] o.s.b.d.a.OptionalLiveReloadServer       : LiveReload server is running on port 35729
2025-07-23 01:54:41.100  WARN 35028 --- [restartedMain] JpaBaseConfiguration$JpaWebConfiguration : spring.jpa.open-in-view is enabled by default. Therefore, database queries may be performed during view rendering. Explicitly configure spring.jpa.open-in-view to disable this warning
2025-07-23 01:54:41.174  INFO 35028 --- [restartedMain] o.s.s.concurrent.ThreadPoolTaskExecutor  : Initializing ExecutorService 'applicationTaskExecutor'
2025-07-23 01:54:41.291  INFO 35028 --- [restartedMain] o.s.b.w.embedded.tomcat.TomcatWebServer  : Tomcat started on port(s): 8095 (http) with context path ''
2025-07-23 01:54:41.293  INFO 35028 --- [restartedMain] c.m.p.ProductManagementApplication       : Started ProductManagementApplication in 0.489 seconds (JVM running for 112.877)
2025-07-23 01:54:41.294  INFO 35028 --- [restartedMain] .ConditionEvaluationDeltaLoggingListener : Condition evaluation unchanged
2025-07-23 01:54:42.715  INFO 35028 --- [Thread-8] o.s.s.concurrent.ThreadPoolTaskExecutor  : Shutting down ExecutorService 'applicationTaskExecutor'
2025-07-23 01:54:42.716  INFO 35028 --- [Thread-8] j.LocalContainerEntityManagerFactoryBean : Closing JPA EntityManagerFactory for persistence unit 'default'
2025-07-23 01:54:42.717  INFO 35028 --- [Thread-8] com.zaxxer.hikari.HikariDataSource       : HikariPool-2 - Shutdown initiated...
2025-07-23 01:54:42.725  INFO 35028 --- [Thread-8] com.zaxxer.hikari.HikariDataSource       : HikariPool-2 - Shutdown completed.
2025-07-23 01:54:42.810  INFO 35028 --- [restartedMain] c.m.p.ProductManagementApplication       : Starting ProductManagementApplication using Java 23.0.1 on G3N1U5 with PID 35028 (D:\Project\PackageManagement\target\classes started by Aditya Shinde in D:\Project\PackageManagement)
2025-07-23 01:54:42.811  INFO 35028 --- [restartedMain] c.m.p.ProductManagementApplication       : No active profile set, falling back to default profiles: default
2025-07-23 01:54:42.935  INFO 35028 --- [restartedMain] .s.d.r.c.RepositoryConfigurationDelegate : Multiple Spring Data modules found, entering strict repository configuration mode!
2025-07-23 01:54:42.935  INFO 35028 --- [restartedMain] .s.d.r.c.RepositoryConfigurationDelegate : Bootstrapping Spring Data JDBC repositories in DEFAULT mode.
2025-07-23 01:54:42.939  INFO 35028 --- [restartedMain] .RepositoryConfigurationExtensionSupport : Spring Data JDBC - Could not safely identify store assignment for repository candidate interface com.manage.product_management.repository.adminrepository. If you want this repository to be a JDBC repository, consider annotating your entities with one of these annotations: org.springframework.data.relational.core.mapping.Table.
2025-07-23 01:54:42.941  INFO 35028 --- [restartedMain] .RepositoryConfigurationExtensionSupport : Spring Data JDBC - Could not safely identify store assignment for repository candidate interface com.manage.product_management.repository.recordrepository. If you want this repository to be a JDBC repository, consider annotating your entities with one of these annotations: org.springframework.data.relational.core.mapping.Table.
2025-07-23 01:54:42.941  INFO 35028 --- [restartedMain] .s.d.r.c.RepositoryConfigurationDelegate : Finished Spring Data repository scanning in 6 ms. Found 0 JDBC repository interfaces.
2025-07-23 01:54:42.945  INFO 35028 --- [restartedMain] .s.d.r.c.RepositoryConfigurationDelegate : Multiple Spring Data modules found, entering strict repository configuration mode!
2025-07-23 01:54:42.945  INFO 35028 --- [restartedMain] .s.d.r.c.RepositoryConfigurationDelegate : Bootstrapping Spring Data JPA repositories in DEFAULT mode.
2025-07-23 01:54:42.952  INFO 35028 --- [restartedMain] .s.d.r.c.RepositoryConfigurationDelegate : Finished Spring Data repository scanning in 6 ms. Found 2 JPA repository interfaces.
2025-07-23 01:54:43.028  INFO 35028 --- [restartedMain] o.s.b.w.embedded.tomcat.TomcatWebServer  : Tomcat initialized with port(s): 8095 (http)
2025-07-23 01:54:43.029  INFO 35028 --- [restartedMain] o.apache.catalina.core.StandardService   : Starting service [Tomcat]
2025-07-23 01:54:43.029  INFO 35028 --- [restartedMain] org.apache.catalina.core.StandardEngine  : Starting Servlet engine: [Apache Tomcat/9.0.45]
2025-07-23 01:54:43.049  INFO 35028 --- [restartedMain] o.a.c.c.C.[Tomcat].[localhost].[/]       : Initializing Spring embedded WebApplicationContext
2025-07-23 01:54:43.049  INFO 35028 --- [restartedMain] w.s.c.ServletWebServerApplicationContext : Root WebApplicationContext: initialization completed in 237 ms
2025-07-23 01:54:43.082  INFO 35028 --- [restartedMain] o.hibernate.jpa.internal.util.LogHelper  : HHH000204: Processing PersistenceUnitInfo [name: default]
2025-07-23 01:54:43.085  INFO 35028 --- [restartedMain] com.zaxxer.hikari.HikariDataSource       : HikariPool-3 - Starting...
2025-07-23 01:54:43.100  INFO 35028 --- [restartedMain] com.zaxxer.hikari.HikariDataSource       : HikariPool-3 - Start completed.
2025-07-23 01:54:43.101  INFO 35028 --- [restartedMain] org.hibernate.dialect.Dialect            : HHH000400: Using dialect: org.hibernate.dialect.MySQL5InnoDBDialect
2025-07-23 01:54:43.139  INFO 35028 --- [restartedMain] o.h.e.t.j.p.i.JtaPlatformInitiator       : HHH000490: Using JtaPlatform implementation: [org.hibernate.engine.transaction.jta.platform.internal.NoJtaPlatform]
2025-07-23 01:54:43.140  INFO 35028 --- [restartedMain] j.LocalContainerEntityManagerFactoryBean : Initialized JPA EntityManagerFactory for persistence unit 'default'
2025-07-23 01:54:43.152  INFO 35028 --- [restartedMain] o.s.b.d.a.OptionalLiveReloadServer       : LiveReload server is running on port 35729
2025-07-23 01:54:43.224  WARN 35028 --- [restartedMain] JpaBaseConfiguration$JpaWebConfiguration : spring.jpa.open-in-view is enabled by default. Therefore, database queries may be performed during view rendering. Explicitly configure spring.jpa.open-in-view to disable this warning
2025-07-23 01:54:43.277  INFO 35028 --- [restartedMain] o.s.s.concurrent.ThreadPoolTaskExecutor  : Initializing ExecutorService 'applicationTaskExecutor'
2025-07-23 01:54:43.338  INFO 35028 --- [restartedMain] o.s.b.w.embedded.tomcat.TomcatWebServer  : Tomcat started on port(s): 8095 (http) with context path ''
2025-07-23 01:54:43.340  INFO 35028 --- [restartedMain] c.m.p.ProductManagementApplication       : Started ProductManagementApplication in 0.55 seconds (JVM running for 114.923)
2025-07-23 01:54:43.341  INFO 35028 --- [restartedMain] .ConditionEvaluationDeltaLoggingListener : Condition evaluation unchanged
2025-07-23 01:58:11.496  INFO 35028 --- [http-nio-8095-exec-1] o.a.c.c.C.[Tomcat].[localhost].[/]       : Initializing Spring DispatcherServlet 'dispatcherServlet'
2025-07-23 01:58:11.496  INFO 35028 --- [http-nio-8095-exec-1] o.s.web.servlet.DispatcherServlet        : Initializing Servlet 'dispatcherServlet'
2025-07-23 01:58:11.499  INFO 35028 --- [http-nio-8095-exec-1] o.s.web.servlet.DispatcherServlet        : Completed initialization in 2 ms
2025-07-23 02:16:20.563  INFO 35028 --- [http-nio-8095-exec-1] c.m.p.controller.AdminController         : New user registered...User{id=null, UserName='aditya', FirstName='Aditya', LastName='Shinde', Email='aditya@example.com', Password='12345678', special=admin_role}
2025-07-23 02:17:27.134 ERROR 35028 --- [http-nio-8095-exec-5] c.m.p.controller.AdminController         : User does not exist
2025-07-23 02:26:22.642  INFO 35028 --- [SpringContextShutdownHook] o.s.s.concurrent.ThreadPoolTaskExecutor  : Shutting down ExecutorService 'applicationTaskExecutor'
2025-07-23 02:26:22.646  INFO 35028 --- [SpringContextShutdownHook] j.LocalContainerEntityManagerFactoryBean : Closing JPA EntityManagerFactory for persistence unit 'default'
2025-07-23 02:26:22.654  INFO 35028 --- [SpringContextShutdownHook] com.zaxxer.hikari.HikariDataSource       : HikariPool-3 - Shutdown initiated...
2025-07-23 02:26:22.678  INFO 35028 --- [SpringContextShutdownHook] com.zaxxer.hikari.HikariDataSource       : HikariPool-3 - Shutdown completed.
2025-07-23 14:54:25.214  INFO 5736 --- [restartedMain] c.m.p.ProductManagementApplication       : Starting ProductManagementApplication using Java 23.0.1 on G3N1U5 with PID 5736 (D:\Project\PackageManagement\target\classes started by Aditya Shinde in D:\Project\PackageManagement)
2025-07-23 14:54:25.217  INFO 5736 --- [restartedMain] c.m.p.ProductManagementApplication       : No active profile set, falling back to default profiles: default
2025-07-23 14:54:25.266  INFO 5736 --- [restartedMain] .e.DevToolsPropertyDefaultsPostProcessor : Devtools property defaults active! Set 'spring.devtools.add-properties' to 'false' to disable
2025-07-23 14:54:25.266  INFO 5736 --- [restartedMain] .e.DevToolsPropertyDefaultsPostProcessor : For additional web related logging consider setting the 'logging.level.web' property to 'DEBUG'
2025-07-23 14:54:26.071  INFO 5736 --- [restartedMain] .s.d.r.c.RepositoryConfigurationDelegate : Multiple Spring Data modules found, entering strict repository configuration mode!
2025-07-23 14:54:26.073  INFO 5736 --- [restartedMain] .s.d.r.c.RepositoryConfigurationDelegate : Bootstrapping Spring Data JDBC repositories in DEFAULT mode.
2025-07-23 14:54:26.098  INFO 5736 --- [restartedMain] .RepositoryConfigurationExtensionSupport : Spring Data JDBC - Could not safely identify store assignment for repository candidate interface com.manage.product_management.repository.adminrepository. If you want this repository to be a JDBC repository, consider annotating your entities with one of these annotations: org.springframework.data.relational.core.mapping.Table.
2025-07-23 14:54:26.100  INFO 5736 --- [restartedMain] .RepositoryConfigurationExtensionSupport : Spring Data JDBC - Could not safely identify store assignment for repository candidate interface com.manage.product_management.repository.recordrepository. If you want this repository to be a JDBC repository, consider annotating your entities with one of these annotations: org.springframework.data.relational.core.mapping.Table.
2025-07-23 14:54:26.100  INFO 5736 --- [restartedMain] .s.d.r.c.RepositoryConfigurationDelegate : Finished Spring Data repository scanning in 24 ms. Found 0 JDBC repository interfaces.
2025-07-23 14:54:26.109  INFO 5736 --- [restartedMain] .s.d.r.c.RepositoryConfigurationDelegate : Multiple Spring Data modules found, entering strict repository configuration mode!
2025-07-23 14:54:26.110  INFO 5736 --- [restartedMain] .s.d.r.c.RepositoryConfigurationDelegate : Bootstrapping Spring Data JPA repositories in DEFAULT mode.
2025-07-23 14:54:26.135  INFO 5736 --- [restartedMain] .s.d.r.c.RepositoryConfigurationDelegate : Finished Spring Data repository scanning in 22 ms. Found 2 JPA repository interfaces.
2025-07-23 14:54:26.805  INFO 5736 --- [restartedMain] o.s.b.w.embedded.tomcat.TomcatWebServer  : Tomcat initialized with port(s): 8095 (http)
2025-07-23 14:54:26.817  INFO 5736 --- [restartedMain] o.apache.catalina.core.StandardService   : Starting service [Tomcat]
2025-07-23 14:54:26.818  INFO 5736 --- [restartedMain] org.apache.catalina.core.StandardEngine  : Starting Servlet engine: [Apache Tomcat/9.0.45]
2025-07-23 14:54:26.886  INFO 5736 --- [restartedMain] o.a.c.c.C.[Tomcat].[localhost].[/]       : Initializing Spring embedded WebApplicationContext
2025-07-23 14:54:26.886  INFO 5736 --- [restartedMain] w.s.c.ServletWebServerApplicationContext : Root WebApplicationContext: initialization completed in 1620 ms
2025-07-23 14:54:27.197  INFO 5736 --- [restartedMain] o.hibernate.jpa.internal.util.LogHelper  : HHH000204: Processing PersistenceUnitInfo [name: default]
2025-07-23 14:54:27.270  INFO 5736 --- [restartedMain] org.hibernate.Version                    : HHH000412: Hibernate ORM core version 5.4.30.Final
2025-07-23 14:54:27.422  INFO 5736 --- [restartedMain] o.hibernate.annotations.common.Version   : HCANN000001: Hibernate Commons Annotations {5.1.2.Final}
2025-07-23 14:54:27.517  INFO 5736 --- [restartedMain] com.zaxxer.hikari.HikariDataSource       : HikariPool-1 - Starting...
2025-07-23 14:54:28.071  INFO 5736 --- [restartedMain] com.zaxxer.hikari.HikariDataSource       : HikariPool-1 - Start completed.
2025-07-23 14:54:28.087  INFO 5736 --- [restartedMain] org.hibernate.dialect.Dialect            : HHH000400: Using dialect: org.hibernate.dialect.MySQL5InnoDBDialect
2025-07-23 14:54:28.922  INFO 5736 --- [restartedMain] o.h.e.t.j.p.i.JtaPlatformInitiator       : HHH000490: Using JtaPlatform implementation: [org.hibernate.engine.transaction.jta.platform.internal.NoJtaPlatform]
2025-07-23 14:54:28.930  INFO 5736 --- [restartedMain] j.LocalContainerEntityManagerFactoryBean : Initialized JPA EntityManagerFactory for persistence unit 'default'
2025-07-23 14:54:28.989  INFO 5736 --- [restartedMain] o.s.b.d.a.OptionalLiveReloadServer       : LiveReload server is running on port 35729
2025-07-23 14:54:29.398  WARN 5736 --- [restartedMain] JpaBaseConfiguration$JpaWebConfiguration : spring.jpa.open-in-view is enabled by default. Therefore, database queries may be performed during view rendering. Explicitly configure spring.jpa.open-in-view to disable this warning
2025-07-23 14:54:29.759  INFO 5736 --- [restartedMain] o.s.s.concurrent.ThreadPoolTaskExecutor  : Initializing ExecutorService 'applicationTaskExecutor'
2025-07-23 14:54:30.192  INFO 5736 --- [restartedMain] o.s.b.w.embedded.tomcat.TomcatWebServer  : Tomcat started on port(s): 8095 (http) with context path ''
2025-07-23 14:54:30.202  INFO 5736 --- [restartedMain] c.m.p.ProductManagementApplication       : Started ProductManagementApplication in 5.329 seconds (JVM running for 11.86)
2025-07-23 14:55:14.422  INFO 5736 --- [Thread-4] o.s.s.concurrent.ThreadPoolTaskExecutor  : Shutting down ExecutorService 'applicationTaskExecutor'
2025-07-23 14:55:14.425  INFO 5736 --- [Thread-4] j.LocalContainerEntityManagerFactoryBean : Closing JPA EntityManagerFactory for persistence unit 'default'
2025-07-23 14:55:14.431  INFO 5736 --- [Thread-4] com.zaxxer.hikari.HikariDataSource       : HikariPool-1 - Shutdown initiated...
2025-07-23 14:55:14.458  INFO 5736 --- [Thread-4] com.zaxxer.hikari.HikariDataSource       : HikariPool-1 - Shutdown completed.
2025-07-23 14:55:14.720  INFO 5736 --- [restartedMain] c.m.p.ProductManagementApplication       : Starting ProductManagementApplication using Java 23.0.1 on G3N1U5 with PID 5736 (D:\Project\PackageManagement\target\classes started by Aditya Shinde in D:\Project\PackageManagement)
2025-07-23 14:55:14.721  INFO 5736 --- [restartedMain] c.m.p.ProductManagementApplication       : No active profile set, falling back to default profiles: default
2025-07-23 14:55:15.202  INFO 5736 --- [restartedMain] .s.d.r.c.RepositoryConfigurationDelegate : Multiple Spring Data modules found, entering strict repository configuration mode!
2025-07-23 14:55:15.204  INFO 5736 --- [restartedMain] .s.d.r.c.RepositoryConfigurationDelegate : Bootstrapping Spring Data JDBC repositories in DEFAULT mode.
2025-07-23 14:55:15.216  INFO 5736 --- [restartedMain] .RepositoryConfigurationExtensionSupport : Spring Data JDBC - Could not safely identify store assignment for repository candidate interface com.manage.product_management.repository.adminrepository. If you want this repository to be a JDBC repository, consider annotating your entities with one of these annotations: org.springframework.data.relational.core.mapping.Table.
2025-07-23 14:55:15.222  INFO 5736 --- [restartedMain] .RepositoryConfigurationExtensionSupport : Spring Data JDBC - Could not safely identify store assignment for repository candidate interface com.manage.product_management.repository.recordrepository. If you want this repository to be a JDBC repository, consider annotating your entities with one of these annotations: org.springframework.data.relational.core.mapping.Table.
2025-07-23 14:55:15.223  INFO 5736 --- [restartedMain] .s.d.r.c.RepositoryConfigurationDelegate : Finished Spring Data repository scanning in 18 ms. Found 0 JDBC repository interfaces.
2025-07-23 14:55:15.235  INFO 5736 --- [restartedMain] .s.d.r.c.RepositoryConfigurationDelegate : Multiple Spring Data modules found, entering strict repository configuration mode!
2025-07-23 14:55:15.236  INFO 5736 --- [restartedMain] .s.d.r.c.RepositoryConfigurationDelegate : Bootstrapping Spring Data JPA repositories in DEFAULT mode.
2025-07-23 14:55:15.255  INFO 5736 --- [restartedMain] .s.d.r.c.RepositoryConfigurationDelegate : Finished Spring Data repository scanning in 18 ms. Found 2 JPA repository interfaces.
2025-07-23 14:55:15.574  INFO 5736 --- [restartedMain] o.s.b.w.embedded.tomcat.TomcatWebServer  : Tomcat initialized with port(s): 8095 (http)
2025-07-23 14:55:15.577  INFO 5736 --- [restartedMain] o.apache.catalina.core.StandardService   : Starting service [Tomcat]
2025-07-23 14:55:15.578  INFO 5736 --- [restartedMain] org.apache.catalina.core.StandardEngine  : Starting Servlet engine: [Apache Tomcat/9.0.45]
2025-07-23 14:55:15.678  INFO 5736 --- [restartedMain] o.a.c.c.C.[Tomcat].[localhost].[/]       : Initializing Spring embedded WebApplicationContext
2025-07-23 14:55:15.679  INFO 5736 --- [restartedMain] w.s.c.ServletWebServerApplicationContext : Root WebApplicationContext: initialization completed in 951 ms
2025-07-23 14:55:15.843  INFO 5736 --- [restartedMain] o.hibernate.jpa.internal.util.LogHelper  : HHH000204: Processing PersistenceUnitInfo [name: default]
2025-07-23 14:55:15.858  INFO 5736 --- [restartedMain] com.zaxxer.hikari.HikariDataSource       : HikariPool-2 - Starting...
2025-07-23 14:55:15.912  INFO 5736 --- [restartedMain] com.zaxxer.hikari.HikariDataSource       : HikariPool-2 - Start completed.
2025-07-23 14:55:15.913  INFO 5736 --- [restartedMain] org.hibernate.dialect.Dialect            : HHH000400: Using dialect: org.hibernate.dialect.MySQL5InnoDBDialect
2025-07-23 14:55:16.084  INFO 5736 --- [restartedMain] o.h.e.t.j.p.i.JtaPlatformInitiator       : HHH000490: Using JtaPlatform implementation: [org.hibernate.engine.transaction.jta.platform.internal.NoJtaPlatform]
2025-07-23 14:55:16.085  INFO 5736 --- [restartedMain] j.LocalContainerEntityManagerFactoryBean : Initialized JPA EntityManagerFactory for persistence unit 'default'
2025-07-23 14:55:16.145  INFO 5736 --- [restartedMain] o.s.b.d.a.OptionalLiveReloadServer       : LiveReload server is running on port 35729
2025-07-23 14:55:16.511  WARN 5736 --- [restartedMain] JpaBaseConfiguration$JpaWebConfiguration : spring.jpa.open-in-view is enabled by default. Therefore, database queries may be performed during view rendering. Explicitly configure spring.jpa.open-in-view to disable this warning
2025-07-23 14:55:16.784  INFO 5736 --- [restartedMain] o.s.s.concurrent.ThreadPoolTaskExecutor  : Initializing ExecutorService 'applicationTaskExecutor'
2025-07-23 14:55:17.186  INFO 5736 --- [restartedMain] o.s.b.w.embedded.tomcat.TomcatWebServer  : Tomcat started on port(s): 8095 (http) with context path ''
2025-07-23 14:55:17.196  INFO 5736 --- [restartedMain] c.m.p.ProductManagementApplication       : Started ProductManagementApplication in 2.58 seconds (JVM running for 58.853)
2025-07-23 14:55:17.201  INFO 5736 --- [restartedMain] .ConditionEvaluationDeltaLoggingListener : Condition evaluation unchanged
2025-07-23 14:55:55.804  INFO 5736 --- [Thread-8] o.s.s.concurrent.ThreadPoolTaskExecutor  : Shutting down ExecutorService 'applicationTaskExecutor'
2025-07-23 14:55:55.805  INFO 5736 --- [Thread-8] j.LocalContainerEntityManagerFactoryBean : Closing JPA EntityManagerFactory for persistence unit 'default'
2025-07-23 14:55:55.806  INFO 5736 --- [Thread-8] com.zaxxer.hikari.HikariDataSource       : HikariPool-2 - Shutdown initiated...
2025-07-23 14:55:55.812  INFO 5736 --- [Thread-8] com.zaxxer.hikari.HikariDataSource       : HikariPool-2 - Shutdown completed.
2025-07-23 14:55:55.879  INFO 5736 --- [restartedMain] c.m.p.ProductManagementApplication       : Starting ProductManagementApplication using Java 23.0.1 on G3N1U5 with PID 5736 (D:\Project\PackageManagement\target\classes started by Aditya Shinde in D:\Project\PackageManagement)
2025-07-23 14:55:55.879  INFO 5736 --- [restartedMain] c.m.p.ProductManagementApplication       : No active profile set, falling back to default profiles: default
2025-07-23 14:55:56.002  INFO 5736 --- [restartedMain] .s.d.r.c.RepositoryConfigurationDelegate : Multiple Spring Data modules found, entering strict repository configuration mode!
2025-07-23 14:55:56.003  INFO 5736 --- [restartedMain] .s.d.r.c.RepositoryConfigurationDelegate : Bootstrapping Spring Data JDBC repositories in DEFAULT mode.
2025-07-23 14:55:56.003  INFO 5736 --- [restartedMain] .s.d.r.c.RepositoryConfigurationDelegate : Finished Spring Data repository scanning in 0 ms. Found 0 JDBC repository interfaces.
2025-07-23 14:55:56.005  INFO 5736 --- [restartedMain] .s.d.r.c.RepositoryConfigurationDelegate : Multiple Spring Data modules found, entering strict repository configuration mode!
2025-07-23 14:55:56.006  INFO 5736 --- [restartedMain] .s.d.r.c.RepositoryConfigurationDelegate : Bootstrapping Spring Data JPA repositories in DEFAULT mode.
2025-07-23 14:55:56.006  INFO 5736 --- [restartedMain] .s.d.r.c.RepositoryConfigurationDelegate : Finished Spring Data repository scanning in 0 ms. Found 0 JPA repository interfaces.
2025-07-23 14:55:56.096  INFO 5736 --- [restartedMain] o.s.b.w.embedded.tomcat.TomcatWebServer  : Tomcat initialized with port(s): 8095 (http)
2025-07-23 14:55:56.096  INFO 5736 --- [restartedMain] o.apache.catalina.core.StandardService   : Starting service [Tomcat]
2025-07-23 14:55:56.097  INFO 5736 --- [restartedMain] org.apache.catalina.core.StandardEngine  : Starting Servlet engine: [Apache Tomcat/9.0.45]
2025-07-23 14:55:56.122  INFO 5736 --- [restartedMain] o.a.c.c.C.[Tomcat].[localhost].[/]       : Initializing Spring embedded WebApplicationContext
2025-07-23 14:55:56.122  INFO 5736 --- [restartedMain] w.s.c.ServletWebServerApplicationContext : Root WebApplicationContext: initialization completed in 241 ms
2025-07-23 14:55:56.151  INFO 5736 --- [restartedMain] o.hibernate.jpa.internal.util.LogHelper  : HHH000204: Processing PersistenceUnitInfo [name: default]
2025-07-23 14:55:56.155  INFO 5736 --- [restartedMain] com.zaxxer.hikari.HikariDataSource       : HikariPool-3 - Starting...
2025-07-23 14:55:56.176  INFO 5736 --- [restartedMain] com.zaxxer.hikari.HikariDataSource       : HikariPool-3 - Start completed.
2025-07-23 14:55:56.176  INFO 5736 --- [restartedMain] org.hibernate.dialect.Dialect            : HHH000400: Using dialect: org.hibernate.dialect.MySQL5InnoDBDialect
2025-07-23 14:55:56.191  INFO 5736 --- [restartedMain] o.h.e.t.j.p.i.JtaPlatformInitiator       : HHH000490: Using JtaPlatform implementation: [org.hibernate.engine.transaction.jta.platform.internal.NoJtaPlatform]
2025-07-23 14:55:56.192  INFO 5736 --- [restartedMain] j.LocalContainerEntityManagerFactoryBean : Initialized JPA EntityManagerFactory for persistence unit 'default'
2025-07-23 14:55:56.202  INFO 5736 --- [restartedMain] o.s.b.d.a.OptionalLiveReloadServer       : LiveReload server is running on port 35729
2025-07-23 14:55:56.221  WARN 5736 --- [restartedMain] JpaBaseConfiguration$JpaWebConfiguration : spring.jpa.open-in-view is enabled by default. Therefore, database queries may be performed during view rendering. Explicitly configure spring.jpa.open-in-view to disable this warning
2025-07-23 14:55:56.300  INFO 5736 --- [restartedMain] o.s.s.concurrent.ThreadPoolTaskExecutor  : Initializing ExecutorService 'applicationTaskExecutor'
2025-07-23 14:55:56.416  INFO 5736 --- [restartedMain] o.s.b.w.embedded.tomcat.TomcatWebServer  : Tomcat started on port(s): 8095 (http) with context path ''
2025-07-23 14:55:56.419  INFO 5736 --- [restartedMain] c.m.p.ProductManagementApplication       : Started ProductManagementApplication in 0.562 seconds (JVM running for 98.076)
2025-07-23 14:55:56.420  INFO 5736 --- [restartedMain] .ConditionEvaluationDeltaLoggingListener : Condition evaluation unchanged
2025-07-23 14:55:57.848  INFO 5736 --- [Thread-13] o.s.s.concurrent.ThreadPoolTaskExecutor  : Shutting down ExecutorService 'applicationTaskExecutor'
2025-07-23 14:55:57.849  INFO 5736 --- [Thread-13] j.LocalContainerEntityManagerFactoryBean : Closing JPA EntityManagerFactory for persistence unit 'default'
2025-07-23 14:55:57.850  INFO 5736 --- [Thread-13] com.zaxxer.hikari.HikariDataSource       : HikariPool-3 - Shutdown initiated...
2025-07-23 14:55:57.860  INFO 5736 --- [Thread-13] com.zaxxer.hikari.HikariDataSource       : HikariPool-3 - Shutdown completed.
2025-07-23 14:55:58.091  INFO 5736 --- [restartedMain] c.m.p.ProductManagementApplication       : Starting ProductManagementApplication using Java 23.0.1 on G3N1U5 with PID 5736 (D:\Project\PackageManagement\target\classes started by Aditya Shinde in D:\Project\PackageManagement)
2025-07-23 14:55:58.093  INFO 5736 --- [restartedMain] c.m.p.ProductManagementApplication       : No active profile set, falling back to default profiles: default
2025-07-23 14:55:58.515  INFO 5736 --- [restartedMain] .s.d.r.c.RepositoryConfigurationDelegate : Multiple Spring Data modules found, entering strict repository configuration mode!
2025-07-23 14:55:58.515  INFO 5736 --- [restartedMain] .s.d.r.c.RepositoryConfigurationDelegate : Bootstrapping Spring Data JDBC repositories in DEFAULT mode.
2025-07-23 14:55:58.522  INFO 5736 --- [restartedMain] .RepositoryConfigurationExtensionSupport : Spring Data JDBC - Could not safely identify store assignment for repository candidate interface com.manage.product_management.repository.adminrepository. If you want this repository to be a JDBC repository, consider annotating your entities with one of these annotations: org.springframework.data.relational.core.mapping.Table.
2025-07-23 14:55:58.525  INFO 5736 --- [restartedMain] .RepositoryConfigurationExtensionSupport : Spring Data JDBC - Could not safely identify store assignment for repository candidate interface com.manage.product_management.repository.recordrepository. If you want this repository to be a JDBC repository, consider annotating your entities with one of these annotations: org.springframework.data.relational.core.mapping.Table.
2025-07-23 14:55:58.526  INFO 5736 --- [restartedMain] .s.d.r.c.RepositoryConfigurationDelegate : Finished Spring Data repository scanning in 10 ms. Found 0 JDBC repository interfaces.
2025-07-23 14:55:58.532  INFO 5736 --- [restartedMain] .s.d.r.c.RepositoryConfigurationDelegate : Multiple Spring Data modules found, entering strict repository configuration mode!
2025-07-23 14:55:58.533  INFO 5736 --- [restartedMain] .s.d.r.c.RepositoryConfigurationDelegate : Bootstrapping Spring Data JPA repositories in DEFAULT mode.
2025-07-23 14:55:58.543  INFO 5736 --- [restartedMain] .s.d.r.c.RepositoryConfigurationDelegate : Finished Spring Data repository scanning in 9 ms. Found 2 JPA repository interfaces.
2025-07-23 14:55:58.995  INFO 5736 --- [restartedMain] o.s.b.w.embedded.tomcat.TomcatWebServer  : Tomcat initialized with port(s): 8095 (http)
2025-07-23 14:55:58.998  INFO 5736 --- [restartedMain] o.apache.catalina.core.StandardService   : Starting service [Tomcat]
2025-07-23 14:55:58.998  INFO 5736 --- [restartedMain] org.apache.catalina.core.StandardEngine  : Starting Servlet engine: [Apache Tomcat/9.0.45]
2025-07-23 14:55:59.044  INFO 5736 --- [restartedMain] o.a.c.c.C.[Tomcat].[localhost].[/]       : Initializing Spring embedded WebApplicationContext
2025-07-23 14:55:59.044  INFO 5736 --- [restartedMain] w.s.c.ServletWebServerApplicationContext : Root WebApplicationContext: initialization completed in 944 ms
2025-07-23 14:55:59.658  INFO 5736 --- [restartedMain] o.hibernate.jpa.internal.util.LogHelper  : HHH000204: Processing PersistenceUnitInfo [name: default]
2025-07-23 14:55:59.695  INFO 5736 --- [restartedMain] com.zaxxer.hikari.HikariDataSource       : HikariPool-4 - Starting...
2025-07-23 14:55:59.771  INFO 5736 --- [restartedMain] com.zaxxer.hikari.HikariDataSource       : HikariPool-4 - Start completed.
2025-07-23 14:55:59.772  INFO 5736 --- [restartedMain] org.hibernate.dialect.Dialect            : HHH000400: Using dialect: org.hibernate.dialect.MySQL5InnoDBDialect
2025-07-23 14:56:00.167  INFO 5736 --- [restartedMain] o.h.e.t.j.p.i.JtaPlatformInitiator       : HHH000490: Using JtaPlatform implementation: [org.hibernate.engine.transaction.jta.platform.internal.NoJtaPlatform]
2025-07-23 14:56:00.168  INFO 5736 --- [restartedMain] j.LocalContainerEntityManagerFactoryBean : Initialized JPA EntityManagerFactory for persistence unit 'default'
2025-07-23 14:56:00.228  INFO 5736 --- [restartedMain] o.s.b.d.a.OptionalLiveReloadServer       : LiveReload server is running on port 35729
2025-07-23 14:56:00.599  WARN 5736 --- [restartedMain] JpaBaseConfiguration$JpaWebConfiguration : spring.jpa.open-in-view is enabled by default. Therefore, database queries may be performed during view rendering. Explicitly configure spring.jpa.open-in-view to disable this warning
2025-07-23 14:56:00.715  INFO 5736 --- [restartedMain] o.s.s.concurrent.ThreadPoolTaskExecutor  : Initializing ExecutorService 'applicationTaskExecutor'
2025-07-23 14:56:00.863  INFO 5736 --- [restartedMain] o.s.b.w.embedded.tomcat.TomcatWebServer  : Tomcat started on port(s): 8095 (http) with context path ''
2025-07-23 14:56:00.866  INFO 5736 --- [restartedMain] c.m.p.ProductManagementApplication       : Started ProductManagementApplication in 2.856 seconds (JVM running for 102.524)
2025-07-23 14:56:00.868  INFO 5736 --- [restartedMain] .ConditionEvaluationDeltaLoggingListener : Condition evaluation unchanged
2025-07-23 14:58:51.318  INFO 5736 --- [Thread-18] o.s.s.concurrent.ThreadPoolTaskExecutor  : Shutting down ExecutorService 'applicationTaskExecutor'
2025-07-23 14:58:51.319  INFO 5736 --- [Thread-18] j.LocalContainerEntityManagerFactoryBean : Closing JPA EntityManagerFactory for persistence unit 'default'
2025-07-23 14:58:51.320  INFO 5736 --- [Thread-18] com.zaxxer.hikari.HikariDataSource       : HikariPool-4 - Shutdown initiated...
2025-07-23 14:58:51.326  INFO 5736 --- [Thread-18] com.zaxxer.hikari.HikariDataSource       : HikariPool-4 - Shutdown completed.
2025-07-23 14:58:51.398  INFO 5736 --- [restartedMain] c.m.p.ProductManagementApplication       : Starting ProductManagementApplication using Java 23.0.1 on G3N1U5 with PID 5736 (D:\Project\PackageManagement\target\classes started by Aditya Shinde in D:\Project\PackageManagement)
2025-07-23 14:58:51.399  INFO 5736 --- [restartedMain] c.m.p.ProductManagementApplication       : No active profile set, falling back to default profiles: default
2025-07-23 14:58:51.503  INFO 5736 --- [restartedMain] .s.d.r.c.RepositoryConfigurationDelegate : Multiple Spring Data modules found, entering strict repository configuration mode!
2025-07-23 14:58:51.503  INFO 5736 --- [restartedMain] .s.d.r.c.RepositoryConfigurationDelegate : Bootstrapping Spring Data JDBC repositories in DEFAULT mode.
2025-07-23 14:58:51.506  INFO 5736 --- [restartedMain] .RepositoryConfigurationExtensionSupport : Spring Data JDBC - Could not safely identify store assignment for repository candidate interface com.manage.product_management.repository.adminrepository. If you want this repository to be a JDBC repository, consider annotating your entities with one of these annotations: org.springframework.data.relational.core.mapping.Table.
2025-07-23 14:58:51.507  INFO 5736 --- [restartedMain] .RepositoryConfigurationExtensionSupport : Spring Data JDBC - Could not safely identify store assignment for repository candidate interface com.manage.product_management.repository.recordrepository. If you want this repository to be a JDBC repository, consider annotating your entities with one of these annotations: org.springframework.data.relational.core.mapping.Table.
2025-07-23 14:58:51.507  INFO 5736 --- [restartedMain] .s.d.r.c.RepositoryConfigurationDelegate : Finished Spring Data repository scanning in 4 ms. Found 0 JDBC repository interfaces.
2025-07-23 14:58:51.509  INFO 5736 --- [restartedMain] .s.d.r.c.RepositoryConfigurationDelegate : Multiple Spring Data modules found, entering strict repository configuration mode!
2025-07-23 14:58:51.509  INFO 5736 --- [restartedMain] .s.d.r.c.RepositoryConfigurationDelegate : Bootstrapping Spring Data JPA repositories in DEFAULT mode.
2025-07-23 14:58:51.514  INFO 5736 --- [restartedMain] .s.d.r.c.RepositoryConfigurationDelegate : Finished Spring Data repository scanning in 4 ms. Found 2 JPA repository interfaces.
2025-07-23 14:58:51.586  INFO 5736 --- [restartedMain] o.s.b.w.embedded.tomcat.TomcatWebServer  : Tomcat initialized with port(s): 8095 (http)
2025-07-23 14:58:51.587  INFO 5736 --- [restartedMain] o.apache.catalina.core.StandardService   : Starting service [Tomcat]
2025-07-23 14:58:51.587  INFO 5736 --- [restartedMain] org.apache.catalina.core.StandardEngine  : Starting Servlet engine: [Apache Tomcat/9.0.45]
2025-07-23 14:58:51.605  INFO 5736 --- [restartedMain] o.a.c.c.C.[Tomcat].[localhost].[/]       : Initializing Spring embedded WebApplicationContext
2025-07-23 14:58:51.605  INFO 5736 --- [restartedMain] w.s.c.ServletWebServerApplicationContext : Root WebApplicationContext: initialization completed in 204 ms
2025-07-23 14:58:51.636  INFO 5736 --- [restartedMain] o.hibernate.jpa.internal.util.LogHelper  : HHH000204: Processing PersistenceUnitInfo [name: default]
2025-07-23 14:58:51.639  INFO 5736 --- [restartedMain] com.zaxxer.hikari.HikariDataSource       : HikariPool-5 - Starting...
2025-07-23 14:58:51.656  INFO 5736 --- [restartedMain] com.zaxxer.hikari.HikariDataSource       : HikariPool-5 - Start completed.
2025-07-23 14:58:51.657  INFO 5736 --- [restartedMain] org.hibernate.dialect.Dialect            : HHH000400: Using dialect: org.hibernate.dialect.MySQL5InnoDBDialect
2025-07-23 14:58:51.688  INFO 5736 --- [restartedMain] o.h.e.t.j.p.i.JtaPlatformInitiator       : HHH000490: Using JtaPlatform implementation: [org.hibernate.engine.transaction.jta.platform.internal.NoJtaPlatform]
2025-07-23 14:58:51.689  INFO 5736 --- [restartedMain] j.LocalContainerEntityManagerFactoryBean : Initialized JPA EntityManagerFactory for persistence unit 'default'
2025-07-23 14:58:51.698  INFO 5736 --- [restartedMain] o.s.b.d.a.OptionalLiveReloadServer       : LiveReload server is running on port 35729
2025-07-23 14:58:51.770  WARN 5736 --- [restartedMain] JpaBaseConfiguration$JpaWebConfiguration : spring.jpa.open-in-view is enabled by default. Therefore, database queries may be performed during view rendering. Explicitly configure spring.jpa.open-in-view to disable this warning
2025-07-23 14:58:51.856  INFO 5736 --- [restartedMain] o.s.s.concurrent.ThreadPoolTaskExecutor  : Initializing ExecutorService 'applicationTaskExecutor'
2025-07-23 14:58:51.938  INFO 5736 --- [restartedMain] o.s.b.w.embedded.tomcat.TomcatWebServer  : Tomcat started on port(s): 8095 (http) with context path ''
2025-07-23 14:58:51.941  INFO 5736 --- [restartedMain] c.m.p.ProductManagementApplication       : Started ProductManagementApplication in 0.577 seconds (JVM running for 273.598)
2025-07-23 14:58:51.941  INFO 5736 --- [restartedMain] .ConditionEvaluationDeltaLoggingListener : Condition evaluation unchanged
2025-07-23 14:59:18.790  INFO 5736 --- [Thread-23] o.s.s.concurrent.ThreadPoolTaskExecutor  : Shutting down ExecutorService 'applicationTaskExecutor'
2025-07-23 14:59:18.791  INFO 5736 --- [Thread-23] j.LocalContainerEntityManagerFactoryBean : Closing JPA EntityManagerFactory for persistence unit 'default'
2025-07-23 14:59:18.792  INFO 5736 --- [Thread-23] com.zaxxer.hikari.HikariDataSource       : HikariPool-5 - Shutdown initiated...
2025-07-23 14:59:18.797  INFO 5736 --- [Thread-23] com.zaxxer.hikari.HikariDataSource       : HikariPool-5 - Shutdown completed.
2025-07-23 14:59:18.864  INFO 5736 --- [restartedMain] c.m.p.ProductManagementApplication       : Starting ProductManagementApplication using Java 23.0.1 on G3N1U5 with PID 5736 (D:\Project\PackageManagement\target\classes started by Aditya Shinde in D:\Project\PackageManagement)
2025-07-23 14:59:18.865  INFO 5736 --- [restartedMain] c.m.p.ProductManagementApplication       : No active profile set, falling back to default profiles: default
2025-07-23 14:59:18.968  INFO 5736 --- [restartedMain] .s.d.r.c.RepositoryConfigurationDelegate : Multiple Spring Data modules found, entering strict repository configuration mode!
2025-07-23 14:59:18.968  INFO 5736 --- [restartedMain] .s.d.r.c.RepositoryConfigurationDelegate : Bootstrapping Spring Data JDBC repositories in DEFAULT mode.
2025-07-23 14:59:18.973  INFO 5736 --- [restartedMain] .RepositoryConfigurationExtensionSupport : Spring Data JDBC - Could not safely identify store assignment for repository candidate interface com.manage.product_management.repository.adminrepository. If you want this repository to be a JDBC repository, consider annotating your entities with one of these annotations: org.springframework.data.relational.core.mapping.Table.
2025-07-23 14:59:18.974  INFO 5736 --- [restartedMain] .RepositoryConfigurationExtensionSupport : Spring Data JDBC - Could not safely identify store assignment for repository candidate interface com.manage.product_management.repository.recordrepository. If you want this repository to be a JDBC repository, consider annotating your entities with one of these annotations: org.springframework.data.relational.core.mapping.Table.
2025-07-23 14:59:18.974  INFO 5736 --- [restartedMain] .s.d.r.c.RepositoryConfigurationDelegate : Finished Spring Data repository scanning in 6 ms. Found 0 JDBC repository interfaces.
2025-07-23 14:59:18.976  INFO 5736 --- [restartedMain] .s.d.r.c.RepositoryConfigurationDelegate : Multiple Spring Data modules found, entering strict repository configuration mode!
2025-07-23 14:59:18.977  INFO 5736 --- [restartedMain] .s.d.r.c.RepositoryConfigurationDelegate : Bootstrapping Spring Data JPA repositories in DEFAULT mode.
2025-07-23 14:59:18.984  INFO 5736 --- [restartedMain] .s.d.r.c.RepositoryConfigurationDelegate : Finished Spring Data repository scanning in 7 ms. Found 2 JPA repository interfaces.
2025-07-23 14:59:19.050  INFO 5736 --- [restartedMain] o.s.b.w.embedded.tomcat.TomcatWebServer  : Tomcat initialized with port(s): 8095 (http)
2025-07-23 14:59:19.051  INFO 5736 --- [restartedMain] o.apache.catalina.core.StandardService   : Starting service [Tomcat]
2025-07-23 14:59:19.051  INFO 5736 --- [restartedMain] org.apache.catalina.core.StandardEngine  : Starting Servlet engine: [Apache Tomcat/9.0.45]
2025-07-23 14:59:19.071  INFO 5736 --- [restartedMain] o.a.c.c.C.[Tomcat].[localhost].[/]       : Initializing Spring embedded WebApplicationContext
2025-07-23 14:59:19.072  INFO 5736 --- [restartedMain] w.s.c.ServletWebServerApplicationContext : Root WebApplicationContext: initialization completed in 206 ms
2025-07-23 14:59:19.100  INFO 5736 --- [restartedMain] o.hibernate.jpa.internal.util.LogHelper  : HHH000204: Processing PersistenceUnitInfo [name: default]
2025-07-23 14:59:19.104  INFO 5736 --- [restartedMain] com.zaxxer.hikari.HikariDataSource       : HikariPool-6 - Starting...
2025-07-23 14:59:19.122  INFO 5736 --- [restartedMain] com.zaxxer.hikari.HikariDataSource       : HikariPool-6 - Start completed.
2025-07-23 14:59:19.122  INFO 5736 --- [restartedMain] org.hibernate.dialect.Dialect            : HHH000400: Using dialect: org.hibernate.dialect.MySQL5InnoDBDialect
2025-07-23 14:59:19.158  INFO 5736 --- [restartedMain] o.h.e.t.j.p.i.JtaPlatformInitiator       : HHH000490: Using JtaPlatform implementation: [org.hibernate.engine.transaction.jta.platform.internal.NoJtaPlatform]
2025-07-23 14:59:19.158  INFO 5736 --- [restartedMain] j.LocalContainerEntityManagerFactoryBean : Initialized JPA EntityManagerFactory for persistence unit 'default'
2025-07-23 14:59:19.170  INFO 5736 --- [restartedMain] o.s.b.d.a.OptionalLiveReloadServer       : LiveReload server is running on port 35729
2025-07-23 14:59:19.232  WARN 5736 --- [restartedMain] JpaBaseConfiguration$JpaWebConfiguration : spring.jpa.open-in-view is enabled by default. Therefore, database queries may be performed during view rendering. Explicitly configure spring.jpa.open-in-view to disable this warning
2025-07-23 14:59:19.292  INFO 5736 --- [restartedMain] o.s.s.concurrent.ThreadPoolTaskExecutor  : Initializing ExecutorService 'applicationTaskExecutor'
2025-07-23 14:59:19.396  INFO 5736 --- [restartedMain] o.s.b.w.embedded.tomcat.TomcatWebServer  : Tomcat started on port(s): 8095 (http) with context path ''
2025-07-23 14:59:19.398  INFO 5736 --- [restartedMain] c.m.p.ProductManagementApplication       : Started ProductManagementApplication in 0.563 seconds (JVM running for 301.055)
2025-07-23 14:59:19.399  INFO 5736 --- [restartedMain] .ConditionEvaluationDeltaLoggingListener : Condition evaluation unchanged
2025-07-23 15:03:39.739  INFO 5736 --- [Thread-28] o.s.s.concurrent.ThreadPoolTaskExecutor  : Shutting down ExecutorService 'applicationTaskExecutor'
2025-07-23 15:03:39.739  INFO 5736 --- [Thread-28] j.LocalContainerEntityManagerFactoryBean : Closing JPA EntityManagerFactory for persistence unit 'default'
2025-07-23 15:03:39.740  INFO 5736 --- [Thread-28] com.zaxxer.hikari.HikariDataSource       : HikariPool-6 - Shutdown initiated...
2025-07-23 15:03:39.749  INFO 5736 --- [Thread-28] com.zaxxer.hikari.HikariDataSource       : HikariPool-6 - Shutdown completed.
2025-07-23 15:03:39.799  INFO 5736 --- [restartedMain] c.m.p.ProductManagementApplication       : Starting ProductManagementApplication using Java 23.0.1 on G3N1U5 with PID 5736 (D:\Project\PackageManagement\target\classes started by Aditya Shinde in D:\Project\PackageManagement)
2025-07-23 15:03:39.800  INFO 5736 --- [restartedMain] c.m.p.ProductManagementApplication       : No active profile set, falling back to default profiles: default
2025-07-23 15:03:39.889  INFO 5736 --- [restartedMain] .s.d.r.c.RepositoryConfigurationDelegate : Multiple Spring Data modules found, entering strict repository configuration mode!
2025-07-23 15:03:39.889  INFO 5736 --- [restartedMain] .s.d.r.c.RepositoryConfigurationDelegate : Bootstrapping Spring Data JDBC repositories in DEFAULT mode.
2025-07-23 15:03:39.892  INFO 5736 --- [restartedMain] .RepositoryConfigurationExtensionSupport : Spring Data JDBC - Could not safely identify store assignment for repository candidate interface com.manage.product_management.repository.adminrepository. If you want this repository to be a JDBC repository, consider annotating your entities with one of these annotations: org.springframework.data.relational.core.mapping.Table.
2025-07-23 15:03:39.893  INFO 5736 --- [restartedMain] .RepositoryConfigurationExtensionSupport : Spring Data JDBC - Could not safely identify store assignment for repository candidate interface com.manage.product_management.repository.recordrepository. If you want this repository to be a JDBC repository, consider annotating your entities with one of these annotations: org.springframework.data.relational.core.mapping.Table.
2025-07-23 15:03:39.893  INFO 5736 --- [restartedMain] .s.d.r.c.RepositoryConfigurationDelegate : Finished Spring Data repository scanning in 3 ms. Found 0 JDBC repository interfaces.
2025-07-23 15:03:39.895  INFO 5736 --- [restartedMain] .s.d.r.c.RepositoryConfigurationDelegate : Multiple Spring Data modules found, entering strict repository configuration mode!
2025-07-23 15:03:39.896  INFO 5736 --- [restartedMain] .s.d.r.c.RepositoryConfigurationDelegate : Bootstrapping Spring Data JPA repositories in DEFAULT mode.
2025-07-23 15:03:39.899  INFO 5736 --- [restartedMain] .s.d.r.c.RepositoryConfigurationDelegate : Finished Spring Data repository scanning in 3 ms. Found 2 JPA repository interfaces.
2025-07-23 15:03:39.953  INFO 5736 --- [restartedMain] o.s.b.w.embedded.tomcat.TomcatWebServer  : Tomcat initialized with port(s): 8095 (http)
2025-07-23 15:03:39.953  INFO 5736 --- [restartedMain] o.apache.catalina.core.StandardService   : Starting service [Tomcat]
2025-07-23 15:03:39.953  INFO 5736 --- [restartedMain] org.apache.catalina.core.StandardEngine  : Starting Servlet engine: [Apache Tomcat/9.0.45]
2025-07-23 15:03:39.972  INFO 5736 --- [restartedMain] o.a.c.c.C.[Tomcat].[localhost].[/]       : Initializing Spring embedded WebApplicationContext
2025-07-23 15:03:39.972  INFO 5736 --- [restartedMain] w.s.c.ServletWebServerApplicationContext : Root WebApplicationContext: initialization completed in 171 ms
2025-07-23 15:03:39.998  INFO 5736 --- [restartedMain] o.hibernate.jpa.internal.util.LogHelper  : HHH000204: Processing PersistenceUnitInfo [name: default]
2025-07-23 15:03:40.001  INFO 5736 --- [restartedMain] com.zaxxer.hikari.HikariDataSource       : HikariPool-7 - Starting...
2025-07-23 15:03:40.021  INFO 5736 --- [restartedMain] com.zaxxer.hikari.HikariDataSource       : HikariPool-7 - Start completed.
2025-07-23 15:03:40.021  INFO 5736 --- [restartedMain] org.hibernate.dialect.Dialect            : HHH000400: Using dialect: org.hibernate.dialect.MySQL5InnoDBDialect
2025-07-23 15:03:40.057  INFO 5736 --- [restartedMain] o.h.e.t.j.p.i.JtaPlatformInitiator       : HHH000490: Using JtaPlatform implementation: [org.hibernate.engine.transaction.jta.platform.internal.NoJtaPlatform]
2025-07-23 15:03:40.057  INFO 5736 --- [restartedMain] j.LocalContainerEntityManagerFactoryBean : Initialized JPA EntityManagerFactory for persistence unit 'default'
2025-07-23 15:03:40.067  INFO 5736 --- [restartedMain] o.s.b.d.a.OptionalLiveReloadServer       : LiveReload server is running on port 35729
2025-07-23 15:03:40.111  WARN 5736 --- [restartedMain] JpaBaseConfiguration$JpaWebConfiguration : spring.jpa.open-in-view is enabled by default. Therefore, database queries may be performed during view rendering. Explicitly configure spring.jpa.open-in-view to disable this warning
2025-07-23 15:03:40.196  INFO 5736 --- [restartedMain] o.s.s.concurrent.ThreadPoolTaskExecutor  : Initializing ExecutorService 'applicationTaskExecutor'
2025-07-23 15:03:40.279  INFO 5736 --- [restartedMain] o.s.b.w.embedded.tomcat.TomcatWebServer  : Tomcat started on port(s): 8095 (http) with context path ''
2025-07-23 15:03:40.281  INFO 5736 --- [restartedMain] c.m.p.ProductManagementApplication       : Started ProductManagementApplication in 0.497 seconds (JVM running for 561.939)
2025-07-23 15:03:40.282  INFO 5736 --- [restartedMain] .ConditionEvaluationDeltaLoggingListener : Condition evaluation unchanged
2025-07-23 15:06:30.292  INFO 5736 --- [Thread-33] o.s.s.concurrent.ThreadPoolTaskExecutor  : Shutting down ExecutorService 'applicationTaskExecutor'
2025-07-23 15:06:30.293  INFO 5736 --- [Thread-33] j.LocalContainerEntityManagerFactoryBean : Closing JPA EntityManagerFactory for persistence unit 'default'
2025-07-23 15:06:30.294  INFO 5736 --- [Thread-33] com.zaxxer.hikari.HikariDataSource       : HikariPool-7 - Shutdown initiated...
2025-07-23 15:06:30.300  INFO 5736 --- [Thread-33] com.zaxxer.hikari.HikariDataSource       : HikariPool-7 - Shutdown completed.
2025-07-23 15:06:30.363  INFO 5736 --- [restartedMain] c.m.p.ProductManagementApplication       : Starting ProductManagementApplication using Java 23.0.1 on G3N1U5 with PID 5736 (D:\Project\PackageManagement\target\classes started by Aditya Shinde in D:\Project\PackageManagement)
2025-07-23 15:06:30.364  INFO 5736 --- [restartedMain] c.m.p.ProductManagementApplication       : No active profile set, falling back to default profiles: default
2025-07-23 15:06:30.472  INFO 5736 --- [restartedMain] .s.d.r.c.RepositoryConfigurationDelegate : Multiple Spring Data modules found, entering strict repository configuration mode!
2025-07-23 15:06:30.473  INFO 5736 --- [restartedMain] .s.d.r.c.RepositoryConfigurationDelegate : Bootstrapping Spring Data JDBC repositories in DEFAULT mode.
2025-07-23 15:06:30.475  INFO 5736 --- [restartedMain] .RepositoryConfigurationExtensionSupport : Spring Data JDBC - Could not safely identify store assignment for repository candidate interface com.manage.product_management.repository.adminrepository. If you want this repository to be a JDBC repository, consider annotating your entities with one of these annotations: org.springframework.data.relational.core.mapping.Table.
2025-07-23 15:06:30.501 ERROR 5736 --- [restartedMain] o.s.boot.SpringApplication               : Application run failed

java.lang.TypeNotPresentException: Type com.manage.product_management.model.RecordTable not present
	at java.base/sun.reflect.generics.factory.CoreReflectionFactory.makeNamedType(CoreReflectionFactory.java:116) ~[na:na]
	at java.base/sun.reflect.generics.visitor.Reifier.visitClassTypeSignature(Reifier.java:125) ~[na:na]
	at java.base/sun.reflect.generics.tree.ClassTypeSignature.accept(ClassTypeSignature.java:49) ~[na:na]
	at java.base/sun.reflect.generics.visitor.Reifier.reifyTypeArguments(Reifier.java:68) ~[na:na]
	at java.base/sun.reflect.generics.visitor.Reifier.visitClassTypeSignature(Reifier.java:138) ~[na:na]
	at java.base/sun.reflect.generics.tree.ClassTypeSignature.accept(ClassTypeSignature.java:49) ~[na:na]
	at java.base/sun.reflect.generics.repository.ClassRepository.computeSuperInterfaces(ClassRepository.java:117) ~[na:na]
	at java.base/sun.reflect.generics.repository.ClassRepository.getSuperInterfaces(ClassRepository.java:95) ~[na:na]
	at java.base/java.lang.Class.getGenericInterfaces(Class.java:1385) ~[na:na]
	at org.springframework.core.ResolvableType.getInterfaces(ResolvableType.java:502) ~[spring-core-5.3.6.jar:5.3.6]
	at org.springframework.core.GenericTypeResolver.buildTypeVariableMap(GenericTypeResolver.java:271) ~[spring-core-5.3.6.jar:5.3.6]
	at org.springframework.core.GenericTypeResolver.getTypeVariableMap(GenericTypeResolver.java:248) ~[spring-core-5.3.6.jar:5.3.6]
	at org.springframework.data.util.ClassTypeInformation.getTypeVariableMap(ClassTypeInformation.java:115) ~[spring-data-commons-2.4.8.jar:2.4.8]
	at org.springframework.data.util.ClassTypeInformation.getTypeVariableMap(ClassTypeInformation.java:104) ~[spring-data-commons-2.4.8.jar:2.4.8]
	at org.springframework.data.util.ClassTypeInformation.<init>(ClassTypeInformation.java:93) ~[spring-data-commons-2.4.8.jar:2.4.8]
	at java.base/java.util.concurrent.ConcurrentMap.computeIfAbsent(ConcurrentMap.java:330) ~[na:na]
	at org.springframework.data.util.ClassTypeInformation.from(ClassTypeInformation.java:71) ~[spring-data-commons-2.4.8.jar:2.4.8]
	at org.springframework.data.repository.core.support.AbstractRepositoryMetadata.<init>(AbstractRepositoryMetadata.java:63) ~[spring-data-commons-2.4.8.jar:2.4.8]
	at org.springframework.data.repository.core.support.DefaultRepositoryMetadata.<init>(DefaultRepositoryMetadata.java:49) ~[spring-data-commons-2.4.8.jar:2.4.8]
	at org.springframework.data.repository.core.support.AbstractRepositoryMetadata.getMetadata(AbstractRepositoryMetadata.java:78) ~[spring-data-commons-2.4.8.jar:2.4.8]
	at org.springframework.data.repository.config.RepositoryConfigurationExtensionSupport.getRepositoryConfigurations(RepositoryConfigurationExtensionSupport.java:103) ~[spring-data-commons-2.4.8.jar:2.4.8]
	at org.springframework.data.repository.config.RepositoryConfigurationDelegate.registerRepositoriesIn(RepositoryConfigurationDelegate.java:149) ~[spring-data-commons-2.4.8.jar:2.4.8]
	at org.springframework.boot.autoconfigure.data.AbstractRepositoryConfigurationSourceSupport.registerBeanDefinitions(AbstractRepositoryConfigurationSourceSupport.java:62) ~[spring-boot-autoconfigure-2.4.5.jar:2.4.5]
	at org.springframework.context.annotation.ConfigurationClassBeanDefinitionReader.lambda$loadBeanDefinitionsFromRegistrars$1(ConfigurationClassBeanDefinitionReader.java:396) ~[spring-context-5.3.6.jar:5.3.6]
	at java.base/java.util.LinkedHashMap.forEach(LinkedHashMap.java:987) ~[na:na]
	at org.springframework.context.annotation.ConfigurationClassBeanDefinitionReader.loadBeanDefinitionsFromRegistrars(ConfigurationClassBeanDefinitionReader.java:395) ~[spring-context-5.3.6.jar:5.3.6]
	at org.springframework.context.annotation.ConfigurationClassBeanDefinitionReader.loadBeanDefinitionsForConfigurationClass(ConfigurationClassBeanDefinitionReader.java:157) ~[spring-context-5.3.6.jar:5.3.6]
	at org.springframework.context.annotation.ConfigurationClassBeanDefinitionReader.loadBeanDefinitions(ConfigurationClassBeanDefinitionReader.java:129) ~[spring-context-5.3.6.jar:5.3.6]
	at org.springframework.context.annotation.ConfigurationClassPostProcessor.processConfigBeanDefinitions(ConfigurationClassPostProcessor.java:343) ~[spring-context-5.3.6.jar:5.3.6]
	at org.springframework.context.annotation.ConfigurationClassPostProcessor.postProcessBeanDefinitionRegistry(ConfigurationClassPostProcessor.java:247) ~[spring-context-5.3.6.jar:5.3.6]
	at org.springframework.context.support.PostProcessorRegistrationDelegate.invokeBeanDefinitionRegistryPostProcessors(PostProcessorRegistrationDelegate.java:311) ~[spring-context-5.3.6.jar:5.3.6]
	at org.springframework.context.support.PostProcessorRegistrationDelegate.invokeBeanFactoryPostProcessors(PostProcessorRegistrationDelegate.java:112) ~[spring-context-5.3.6.jar:5.3.6]
	at org.springframework.context.support.AbstractApplicationContext.invokeBeanFactoryPostProcessors(AbstractApplicationContext.java:746) ~[spring-context-5.3.6.jar:5.3.6]
	at org.springframework.context.support.AbstractApplicationContext.refresh(AbstractApplicationContext.java:564) ~[spring-context-5.3.6.jar:5.3.6]
	at org.springframework.boot.web.servlet.context.ServletWebServerApplicationContext.refresh(ServletWebServerApplicationContext.java:144) ~[spring-boot-2.4.5.jar:2.4.5]
	at org.springframework.boot.SpringApplication.refresh(SpringApplication.java:782) ~[spring-boot-2.4.5.jar:2.4.5]
	at org.springframework.boot.SpringApplication.refresh(SpringApplication.java:774) ~[spring-boot-2.4.5.jar:2.4.5]
	at org.springframework.boot.SpringApplication.refreshContext(SpringApplication.java:439) ~[spring-boot-2.4.5.jar:2.4.5]
	at org.springframework.boot.SpringApplication.run(SpringApplication.java:339) ~[spring-boot-2.4.5.jar:2.4.5]
	at org.springframework.boot.SpringApplication.run(SpringApplication.java:1340) ~[spring-boot-2.4.5.jar:2.4.5]
	at org.springframework.boot.SpringApplication.run(SpringApplication.java:1329) ~[spring-boot-2.4.5.jar:2.4.5]
	at com.manage.product_management.ProductManagementApplication.main(ProductManagementApplication.java:10) ~[classes/:na]
	at java.base/jdk.internal.reflect.DirectMethodHandleAccessor.invoke(DirectMethodHandleAccessor.java:103) ~[na:na]
	at java.base/java.lang.reflect.Method.invoke(Method.java:580) ~[na:na]
	at org.springframework.boot.devtools.restart.RestartLauncher.run(RestartLauncher.java:49) ~[spring-boot-devtools-2.4.5.jar:2.4.5]
Caused by: java.lang.ClassNotFoundException: com.manage.product_management.model.RecordTable
	at java.base/jdk.internal.loader.BuiltinClassLoader.loadClass(BuiltinClassLoader.java:641) ~[na:na]
	at java.base/jdk.internal.loader.ClassLoaders$AppClassLoader.loadClass(ClassLoaders.java:188) ~[na:na]
	at java.base/java.lang.ClassLoader.loadClass(ClassLoader.java:528) ~[na:na]
	at java.base/java.lang.Class.forName0(Native Method) ~[na:na]
	at java.base/java.lang.Class.forName(Class.java:578) ~[na:na]
	at java.base/java.lang.Class.forName(Class.java:557) ~[na:na]
	at org.springframework.boot.devtools.restart.classloader.RestartClassLoader.loadClass(RestartClassLoader.java:145) ~[spring-boot-devtools-2.4.5.jar:2.4.5]
	at java.base/java.lang.ClassLoader.loadClass(ClassLoader.java:528) ~[na:na]
	at java.base/java.lang.Class.forName0(Native Method) ~[na:na]
	at java.base/java.lang.Class.forName(Class.java:578) ~[na:na]
	at java.base/java.lang.Class.forName(Class.java:557) ~[na:na]
	at java.base/sun.reflect.generics.factory.CoreReflectionFactory.makeNamedType(CoreReflectionFactory.java:113) ~[na:na]
	... 44 common frames omitted

2025-07-23 15:06:31.950  INFO 5736 --- [restartedMain] .e.DevToolsPropertyDefaultsPostProcessor : Devtools property defaults active! Set 'spring.devtools.add-properties' to 'false' to disable
2025-07-23 15:06:31.951  INFO 5736 --- [restartedMain] .e.DevToolsPropertyDefaultsPostProcessor : For additional web related logging consider setting the 'logging.level.web' property to 'DEBUG'
2025-07-23 15:06:31.955  INFO 5736 --- [restartedMain] c.m.p.ProductManagementApplication       : Starting ProductManagementApplication using Java 23.0.1 on G3N1U5 with PID 5736 (D:\Project\PackageManagement\target\classes started by Aditya Shinde in D:\Project\PackageManagement)
2025-07-23 15:06:31.955  INFO 5736 --- [restartedMain] c.m.p.ProductManagementApplication       : No active profile set, falling back to default profiles: default
2025-07-23 15:06:32.106  INFO 5736 --- [restartedMain] .s.d.r.c.RepositoryConfigurationDelegate : Multiple Spring Data modules found, entering strict repository configuration mode!
2025-07-23 15:06:32.106  INFO 5736 --- [restartedMain] .s.d.r.c.RepositoryConfigurationDelegate : Bootstrapping Spring Data JDBC repositories in DEFAULT mode.
2025-07-23 15:06:32.108  INFO 5736 --- [restartedMain] .RepositoryConfigurationExtensionSupport : Spring Data JDBC - Could not safely identify store assignment for repository candidate interface com.manage.product_management.repository.adminrepository. If you want this repository to be a JDBC repository, consider annotating your entities with one of these annotations: org.springframework.data.relational.core.mapping.Table.
2025-07-23 15:06:32.112  INFO 5736 --- [restartedMain] .RepositoryConfigurationExtensionSupport : Spring Data JDBC - Could not safely identify store assignment for repository candidate interface com.manage.product_management.repository.recordrepository. If you want this repository to be a JDBC repository, consider annotating your entities with one of these annotations: org.springframework.data.relational.core.mapping.Table.
2025-07-23 15:06:32.112  INFO 5736 --- [restartedMain] .s.d.r.c.RepositoryConfigurationDelegate : Finished Spring Data repository scanning in 6 ms. Found 0 JDBC repository interfaces.
2025-07-23 15:06:32.114  INFO 5736 --- [restartedMain] .s.d.r.c.RepositoryConfigurationDelegate : Multiple Spring Data modules found, entering strict repository configuration mode!
2025-07-23 15:06:32.115  INFO 5736 --- [restartedMain] .s.d.r.c.RepositoryConfigurationDelegate : Bootstrapping Spring Data JPA repositories in DEFAULT mode.
2025-07-23 15:06:32.119  INFO 5736 --- [restartedMain] .s.d.r.c.RepositoryConfigurationDelegate : Finished Spring Data repository scanning in 4 ms. Found 2 JPA repository interfaces.
2025-07-23 15:06:32.184  INFO 5736 --- [restartedMain] o.s.b.w.embedded.tomcat.TomcatWebServer  : Tomcat initialized with port(s): 8095 (http)
2025-07-23 15:06:32.185  INFO 5736 --- [restartedMain] o.apache.catalina.core.StandardService   : Starting service [Tomcat]
2025-07-23 15:06:32.185  INFO 5736 --- [restartedMain] org.apache.catalina.core.StandardEngine  : Starting Servlet engine: [Apache Tomcat/9.0.45]
2025-07-23 15:06:32.209  INFO 5736 --- [restartedMain] o.a.c.c.C.[Tomcat].[localhost].[/]       : Initializing Spring embedded WebApplicationContext
2025-07-23 15:06:32.209  INFO 5736 --- [restartedMain] w.s.c.ServletWebServerApplicationContext : Root WebApplicationContext: initialization completed in 253 ms
2025-07-23 15:06:32.240  INFO 5736 --- [restartedMain] o.hibernate.jpa.internal.util.LogHelper  : HHH000204: Processing PersistenceUnitInfo [name: default]
2025-07-23 15:06:32.243  INFO 5736 --- [restartedMain] com.zaxxer.hikari.HikariDataSource       : HikariPool-8 - Starting...
2025-07-23 15:06:32.262  INFO 5736 --- [restartedMain] com.zaxxer.hikari.HikariDataSource       : HikariPool-8 - Start completed.
2025-07-23 15:06:32.263  INFO 5736 --- [restartedMain] org.hibernate.dialect.Dialect            : HHH000400: Using dialect: org.hibernate.dialect.MySQL5InnoDBDialect
2025-07-23 15:06:32.403  INFO 5736 --- [restartedMain] o.h.e.t.j.p.i.JtaPlatformInitiator       : HHH000490: Using JtaPlatform implementation: [org.hibernate.engine.transaction.jta.platform.internal.NoJtaPlatform]
2025-07-23 15:06:32.404  INFO 5736 --- [restartedMain] j.LocalContainerEntityManagerFactoryBean : Initialized JPA EntityManagerFactory for persistence unit 'default'
2025-07-23 15:06:32.414  INFO 5736 --- [restartedMain] o.s.b.d.a.OptionalLiveReloadServer       : LiveReload server is running on port 35729
2025-07-23 15:06:32.478  WARN 5736 --- [restartedMain] ConfigServletWebServerApplicationContext : Exception encountered during context initialization - cancelling refresh attempt: org.springframework.beans.factory.UnsatisfiedDependencyException: Error creating bean with name 'recordController': Unsatisfied dependency expressed through field 'emailService'; nested exception is org.springframework.beans.factory.BeanCreationException: Error creating bean with name 'emailService' defined in file [D:\Project\PackageManagement\target\classes\com\manage\product_management\service\EmailService.class]: Post-processing of merged bean definition failed; nested exception is java.lang.IllegalStateException: Failed to introspect Class [com.manage.product_management.service.EmailService] from ClassLoader [org.springframework.boot.devtools.restart.classloader.RestartClassLoader@1ceaf1ad]
2025-07-23 15:06:32.479  INFO 5736 --- [restartedMain] j.LocalContainerEntityManagerFactoryBean : Closing JPA EntityManagerFactory for persistence unit 'default'
2025-07-23 15:06:32.479  INFO 5736 --- [restartedMain] com.zaxxer.hikari.HikariDataSource       : HikariPool-8 - Shutdown initiated...
2025-07-23 15:06:32.482  INFO 5736 --- [restartedMain] com.zaxxer.hikari.HikariDataSource       : HikariPool-8 - Shutdown completed.
2025-07-23 15:06:32.483  INFO 5736 --- [restartedMain] o.apache.catalina.core.StandardService   : Stopping service [Tomcat]
2025-07-23 15:06:32.486  INFO 5736 --- [restartedMain] ConditionEvaluationReportLoggingListener : 

Error starting ApplicationContext. To display the conditions report re-run your application with 'debug' enabled.
2025-07-23 15:06:32.488 ERROR 5736 --- [restartedMain] o.s.boot.SpringApplication               : Application run failed

org.springframework.beans.factory.UnsatisfiedDependencyException: Error creating bean with name 'recordController': Unsatisfied dependency expressed through field 'emailService'; nested exception is org.springframework.beans.factory.BeanCreationException: Error creating bean with name 'emailService' defined in file [D:\Project\PackageManagement\target\classes\com\manage\product_management\service\EmailService.class]: Post-processing of merged bean definition failed; nested exception is java.lang.IllegalStateException: Failed to introspect Class [com.manage.product_management.service.EmailService] from ClassLoader [org.springframework.boot.devtools.restart.classloader.RestartClassLoader@1ceaf1ad]
	at org.springframework.beans.factory.annotation.AutowiredAnnotationBeanPostProcessor$AutowiredFieldElement.resolveFieldValue(AutowiredAnnotationBeanPostProcessor.java:660) ~[spring-beans-5.3.6.jar:5.3.6]
	at org.springframework.beans.factory.annotation.AutowiredAnnotationBeanPostProcessor$AutowiredFieldElement.inject(AutowiredAnnotationBeanPostProcessor.java:640) ~[spring-beans-5.3.6.jar:5.3.6]
	at org.springframework.beans.factory.annotation.InjectionMetadata.inject(InjectionMetadata.java:119) ~[spring-beans-5.3.6.jar:5.3.6]
	at org.springframework.beans.factory.annotation.AutowiredAnnotationBeanPostProcessor.postProcessProperties(AutowiredAnnotationBeanPostProcessor.java:399) ~[spring-beans-5.3.6.jar:5.3.6]
	at org.springframework.beans.factory.support.AbstractAutowireCapableBeanFactory.populateBean(AbstractAutowireCapableBeanFactory.java:1413) ~[spring-beans-5.3.6.jar:5.3.6]
	at org.springframework.beans.factory.support.AbstractAutowireCapableBeanFactory.doCreateBean(AbstractAutowireCapableBeanFactory.java:601) ~[spring-beans-5.3.6.jar:5.3.6]
	at org.springframework.beans.factory.support.AbstractAutowireCapableBeanFactory.createBean(AbstractAutowireCapableBeanFactory.java:524) ~[spring-beans-5.3.6.jar:5.3.6]
	at org.springframework.beans.factory.support.AbstractBeanFactory.lambda$doGetBean$0(AbstractBeanFactory.java:335) ~[spring-beans-5.3.6.jar:5.3.6]
	at org.springframework.beans.factory.support.DefaultSingletonBeanRegistry.getSingleton(DefaultSingletonBeanRegistry.java:234) ~[spring-beans-5.3.6.jar:5.3.6]
	at org.springframework.beans.factory.support.AbstractBeanFactory.doGetBean(AbstractBeanFactory.java:333) ~[spring-beans-5.3.6.jar:5.3.6]
	at org.springframework.beans.factory.support.AbstractBeanFactory.getBean(AbstractBeanFactory.java:208) ~[spring-beans-5.3.6.jar:5.3.6]
	at org.springframework.beans.factory.support.DefaultListableBeanFactory.preInstantiateSingletons(DefaultListableBeanFactory.java:944) ~[spring-beans-5.3.6.jar:5.3.6]
	at org.springframework.context.support.AbstractApplicationContext.finishBeanFactoryInitialization(AbstractApplicationContext.java:918) ~[spring-context-5.3.6.jar:5.3.6]
	at org.springframework.context.support.AbstractApplicationContext.refresh(AbstractApplicationContext.java:583) ~[spring-context-5.3.6.jar:5.3.6]
	at org.springframework.boot.web.servlet.context.ServletWebServerApplicationContext.refresh(ServletWebServerApplicationContext.java:144) ~[spring-boot-2.4.5.jar:2.4.5]
	at org.springframework.boot.SpringApplication.refresh(SpringApplication.java:782) ~[spring-boot-2.4.5.jar:2.4.5]
	at org.springframework.boot.SpringApplication.refresh(SpringApplication.java:774) ~[spring-boot-2.4.5.jar:2.4.5]
	at org.springframework.boot.SpringApplication.refreshContext(SpringApplication.java:439) ~[spring-boot-2.4.5.jar:2.4.5]
	at org.springframework.boot.SpringApplication.run(SpringApplication.java:339) ~[spring-boot-2.4.5.jar:2.4.5]
	at org.springframework.boot.SpringApplication.run(SpringApplication.java:1340) ~[spring-boot-2.4.5.jar:2.4.5]
	at org.springframework.boot.SpringApplication.run(SpringApplication.java:1329) ~[spring-boot-2.4.5.jar:2.4.5]
	at com.manage.product_management.ProductManagementApplication.main(ProductManagementApplication.java:10) ~[classes/:na]
	at java.base/jdk.internal.reflect.DirectMethodHandleAccessor.invoke(DirectMethodHandleAccessor.java:103) ~[na:na]
	at java.base/java.lang.reflect.Method.invoke(Method.java:580) ~[na:na]
	at org.springframework.boot.devtools.restart.RestartLauncher.run(RestartLauncher.java:49) ~[spring-boot-devtools-2.4.5.jar:2.4.5]
Caused by: org.springframework.beans.factory.BeanCreationException: Error creating bean with name 'emailService' defined in file [D:\Project\PackageManagement\target\classes\com\manage\product_management\service\EmailService.class]: Post-processing of merged bean definition failed; nested exception is java.lang.IllegalStateException: Failed to introspect Class [com.manage.product_management.service.EmailService] from ClassLoader [org.springframework.boot.devtools.restart.classloader.RestartClassLoader@1ceaf1ad]
	at org.springframework.beans.factory.support.AbstractAutowireCapableBeanFactory.doCreateBean(AbstractAutowireCapableBeanFactory.java:579) ~[spring-beans-5.3.6.jar:5.3.6]
	at org.springframework.beans.factory.support.AbstractAutowireCapableBeanFactory.createBean(AbstractAutowireCapableBeanFactory.java:524) ~[spring-beans-5.3.6.jar:5.3.6]
	at org.springframework.beans.factory.support.AbstractBeanFactory.lambda$doGetBean$0(AbstractBeanFactory.java:335) ~[spring-beans-5.3.6.jar:5.3.6]
	at org.springframework.beans.factory.support.DefaultSingletonBeanRegistry.getSingleton(DefaultSingletonBeanRegistry.java:234) ~[spring-beans-5.3.6.jar:5.3.6]
	at org.springframework.beans.factory.support.AbstractBeanFactory.doGetBean(AbstractBeanFactory.java:333) ~[spring-beans-5.3.6.jar:5.3.6]
	at org.springframework.beans.factory.support.AbstractBeanFactory.getBean(AbstractBeanFactory.java:208) ~[spring-beans-5.3.6.jar:5.3.6]
	at org.springframework.beans.factory.config.DependencyDescriptor.resolveCandidate(DependencyDescriptor.java:276) ~[spring-beans-5.3.6.jar:5.3.6]
	at org.springframework.beans.factory.support.DefaultListableBeanFactory.doResolveDependency(DefaultListableBeanFactory.java:1380) ~[spring-beans-5.3.6.jar:5.3.6]
	at org.springframework.beans.factory.support.DefaultListableBeanFactory.resolveDependency(DefaultListableBeanFactory.java:1300) ~[spring-beans-5.3.6.jar:5.3.6]
	at org.springframework.beans.factory.annotation.AutowiredAnnotationBeanPostProcessor$AutowiredFieldElement.resolveFieldValue(AutowiredAnnotationBeanPostProcessor.java:657) ~[spring-beans-5.3.6.jar:5.3.6]
	... 24 common frames omitted
Caused by: java.lang.IllegalStateException: Failed to introspect Class [com.manage.product_management.service.EmailService] from ClassLoader [org.springframework.boot.devtools.restart.classloader.RestartClassLoader@1ceaf1ad]
	at org.springframework.util.ReflectionUtils.getDeclaredFields(ReflectionUtils.java:739) ~[spring-core-5.3.6.jar:5.3.6]
	at org.springframework.util.ReflectionUtils.doWithLocalFields(ReflectionUtils.java:671) ~[spring-core-5.3.6.jar:5.3.6]
	at org.springframework.orm.jpa.support.PersistenceAnnotationBeanPostProcessor.buildPersistenceMetadata(PersistenceAnnotationBeanPostProcessor.java:407) ~[spring-orm-5.3.6.jar:5.3.6]
	at org.springframework.orm.jpa.support.PersistenceAnnotationBeanPostProcessor.findPersistenceMetadata(PersistenceAnnotationBeanPostProcessor.java:388) ~[spring-orm-5.3.6.jar:5.3.6]
	at org.springframework.orm.jpa.support.PersistenceAnnotationBeanPostProcessor.postProcessMergedBeanDefinition(PersistenceAnnotationBeanPostProcessor.java:335) ~[spring-orm-5.3.6.jar:5.3.6]
	at org.springframework.beans.factory.support.AbstractAutowireCapableBeanFactory.applyMergedBeanDefinitionPostProcessors(AbstractAutowireCapableBeanFactory.java:1098) ~[spring-beans-5.3.6.jar:5.3.6]
	at org.springframework.beans.factory.support.AbstractAutowireCapableBeanFactory.doCreateBean(AbstractAutowireCapableBeanFactory.java:576) ~[spring-beans-5.3.6.jar:5.3.6]
	... 33 common frames omitted
Caused by: java.lang.NoClassDefFoundError: org/springframework/mail/javamail/JavaMailSender
	at java.base/java.lang.Class.getDeclaredFields0(Native Method) ~[na:na]
	at java.base/java.lang.Class.privateGetDeclaredFields(Class.java:3545) ~[na:na]
	at java.base/java.lang.Class.getDeclaredFields(Class.java:2601) ~[na:na]
	at org.springframework.util.ReflectionUtils.getDeclaredFields(ReflectionUtils.java:734) ~[spring-core-5.3.6.jar:5.3.6]
	... 39 common frames omitted
Caused by: java.lang.ClassNotFoundException: org.springframework.mail.javamail.JavaMailSender
	at java.base/jdk.internal.loader.BuiltinClassLoader.loadClass(BuiltinClassLoader.java:641) ~[na:na]
	at java.base/jdk.internal.loader.ClassLoaders$AppClassLoader.loadClass(ClassLoaders.java:188) ~[na:na]
	at java.base/java.lang.ClassLoader.loadClass(ClassLoader.java:528) ~[na:na]
	at java.base/java.lang.Class.forName0(Native Method) ~[na:na]
	at java.base/java.lang.Class.forName(Class.java:578) ~[na:na]
	at java.base/java.lang.Class.forName(Class.java:557) ~[na:na]
	at org.springframework.boot.devtools.restart.classloader.RestartClassLoader.loadClass(RestartClassLoader.java:145) ~[spring-boot-devtools-2.4.5.jar:2.4.5]
	at java.base/java.lang.ClassLoader.loadClass(ClassLoader.java:528) ~[na:na]
	... 43 common frames omitted

2025-07-23 15:07:18.254  INFO 28488 --- [restartedMain] c.m.p.ProductManagementApplication       : Starting ProductManagementApplication using Java 23.0.1 on G3N1U5 with PID 28488 (D:\Project\PackageManagement\target\classes started by Aditya Shinde in D:\Project\PackageManagement)
2025-07-23 15:07:18.257  INFO 28488 --- [restartedMain] c.m.p.ProductManagementApplication       : No active profile set, falling back to default profiles: default
2025-07-23 15:07:18.340  INFO 28488 --- [restartedMain] .e.DevToolsPropertyDefaultsPostProcessor : Devtools property defaults active! Set 'spring.devtools.add-properties' to 'false' to disable
2025-07-23 15:07:18.340  INFO 28488 --- [restartedMain] .e.DevToolsPropertyDefaultsPostProcessor : For additional web related logging consider setting the 'logging.level.web' property to 'DEBUG'
2025-07-23 15:07:18.876  INFO 28488 --- [restartedMain] .s.d.r.c.RepositoryConfigurationDelegate : Multiple Spring Data modules found, entering strict repository configuration mode!
2025-07-23 15:07:18.877  INFO 28488 --- [restartedMain] .s.d.r.c.RepositoryConfigurationDelegate : Bootstrapping Spring Data JDBC repositories in DEFAULT mode.
2025-07-23 15:07:18.896  INFO 28488 --- [restartedMain] .RepositoryConfigurationExtensionSupport : Spring Data JDBC - Could not safely identify store assignment for repository candidate interface com.manage.product_management.repository.adminrepository. If you want this repository to be a JDBC repository, consider annotating your entities with one of these annotations: org.springframework.data.relational.core.mapping.Table.
2025-07-23 15:07:18.897  INFO 28488 --- [restartedMain] .RepositoryConfigurationExtensionSupport : Spring Data JDBC - Could not safely identify store assignment for repository candidate interface com.manage.product_management.repository.recordrepository. If you want this repository to be a JDBC repository, consider annotating your entities with one of these annotations: org.springframework.data.relational.core.mapping.Table.
2025-07-23 15:07:18.897  INFO 28488 --- [restartedMain] .s.d.r.c.RepositoryConfigurationDelegate : Finished Spring Data repository scanning in 19 ms. Found 0 JDBC repository interfaces.
2025-07-23 15:07:18.904  INFO 28488 --- [restartedMain] .s.d.r.c.RepositoryConfigurationDelegate : Multiple Spring Data modules found, entering strict repository configuration mode!
2025-07-23 15:07:18.905  INFO 28488 --- [restartedMain] .s.d.r.c.RepositoryConfigurationDelegate : Bootstrapping Spring Data JPA repositories in DEFAULT mode.
2025-07-23 15:07:18.925  INFO 28488 --- [restartedMain] .s.d.r.c.RepositoryConfigurationDelegate : Finished Spring Data repository scanning in 16 ms. Found 2 JPA repository interfaces.
2025-07-23 15:07:19.378  INFO 28488 --- [restartedMain] o.s.b.w.embedded.tomcat.TomcatWebServer  : Tomcat initialized with port(s): 8095 (http)
2025-07-23 15:07:19.386  INFO 28488 --- [restartedMain] o.apache.catalina.core.StandardService   : Starting service [Tomcat]
2025-07-23 15:07:19.386  INFO 28488 --- [restartedMain] org.apache.catalina.core.StandardEngine  : Starting Servlet engine: [Apache Tomcat/9.0.45]
2025-07-23 15:07:19.440  INFO 28488 --- [restartedMain] o.a.c.c.C.[Tomcat].[localhost].[/]       : Initializing Spring embedded WebApplicationContext
2025-07-23 15:07:19.440  INFO 28488 --- [restartedMain] w.s.c.ServletWebServerApplicationContext : Root WebApplicationContext: initialization completed in 1099 ms
2025-07-23 15:07:19.626  INFO 28488 --- [restartedMain] o.hibernate.jpa.internal.util.LogHelper  : HHH000204: Processing PersistenceUnitInfo [name: default]
2025-07-23 15:07:19.678  INFO 28488 --- [restartedMain] org.hibernate.Version                    : HHH000412: Hibernate ORM core version 5.4.30.Final
2025-07-23 15:07:19.802  INFO 28488 --- [restartedMain] o.hibernate.annotations.common.Version   : HCANN000001: Hibernate Commons Annotations {5.1.2.Final}
2025-07-23 15:07:19.869  INFO 28488 --- [restartedMain] com.zaxxer.hikari.HikariDataSource       : HikariPool-1 - Starting...
2025-07-23 15:07:20.269  INFO 28488 --- [restartedMain] com.zaxxer.hikari.HikariDataSource       : HikariPool-1 - Start completed.
2025-07-23 15:07:20.285  INFO 28488 --- [restartedMain] org.hibernate.dialect.Dialect            : HHH000400: Using dialect: org.hibernate.dialect.MySQL5InnoDBDialect
2025-07-23 15:07:20.780  INFO 28488 --- [restartedMain] o.h.e.t.j.p.i.JtaPlatformInitiator       : HHH000490: Using JtaPlatform implementation: [org.hibernate.engine.transaction.jta.platform.internal.NoJtaPlatform]
2025-07-23 15:07:20.787  INFO 28488 --- [restartedMain] j.LocalContainerEntityManagerFactoryBean : Initialized JPA EntityManagerFactory for persistence unit 'default'
2025-07-23 15:07:20.833  INFO 28488 --- [restartedMain] o.s.b.d.a.OptionalLiveReloadServer       : LiveReload server is running on port 35729
2025-07-23 15:07:21.127  WARN 28488 --- [restartedMain] JpaBaseConfiguration$JpaWebConfiguration : spring.jpa.open-in-view is enabled by default. Therefore, database queries may be performed during view rendering. Explicitly configure spring.jpa.open-in-view to disable this warning
2025-07-23 15:07:21.370  INFO 28488 --- [restartedMain] o.s.s.concurrent.ThreadPoolTaskExecutor  : Initializing ExecutorService 'applicationTaskExecutor'
2025-07-23 15:07:21.724  INFO 28488 --- [restartedMain] o.s.b.w.embedded.tomcat.TomcatWebServer  : Tomcat started on port(s): 8095 (http) with context path ''
2025-07-23 15:07:21.732  INFO 28488 --- [restartedMain] c.m.p.ProductManagementApplication       : Started ProductManagementApplication in 3.844 seconds (JVM running for 4.597)
2025-07-23 15:12:06.031  INFO 28488 --- [http-nio-8095-exec-3] o.a.c.c.C.[Tomcat].[localhost].[/]       : Initializing Spring DispatcherServlet 'dispatcherServlet'
2025-07-23 15:12:06.032  INFO 28488 --- [http-nio-8095-exec-3] o.s.web.servlet.DispatcherServlet        : Initializing Servlet 'dispatcherServlet'
2025-07-23 15:12:06.034  INFO 28488 --- [http-nio-8095-exec-3] o.s.web.servlet.DispatcherServlet        : Completed initialization in 2 ms
2025-07-23 15:12:06.063  WARN 28488 --- [http-nio-8095-exec-3] .w.s.m.s.DefaultHandlerExceptionResolver : Resolved [org.springframework.web.HttpRequestMethodNotSupportedException: Request method 'GET' not supported]
2025-07-23 15:12:15.593  INFO 28488 --- [http-nio-8095-exec-4] c.m.p.controller.AdminController         : Record added to the database successfully RecordTable{item_no=null, trackId='XYZ98765', name='null', compName='Flipkart', remark='null', status='Received', number='null', date=null}
2025-07-23 15:13:31.665  INFO 28488 --- [http-nio-8095-exec-7] c.m.p.controller.AdminController         : Record added to the database successfully RecordTable{item_no=null, trackId='XYZ98765', name='null', compName='Flipkart', remark='null', status='Received', number='null', date=null}
2025-07-23 15:27:12.666  INFO 28488 --- [http-nio-8095-exec-10] c.m.p.controller.AdminController         : Record added to the database successfully RecordTable{item_no=null, trackId='XYZ98766', name='null', compName='Flipkart', remark='null', status='Received', number='null', date=null}
2025-07-23 15:28:15.064  INFO 28488 --- [http-nio-8095-exec-1] c.m.p.controller.AdminController         : Record added to the database successfully RecordTable{item_no=null, trackId='XYZ98766', name='null', compName='Flipkart', remark='null', status='Received', number='null', date=null}
2025-07-23 18:09:50.878  WARN 28488 --- [HikariPool-1 housekeeper] com.zaxxer.hikari.pool.HikariPool        : HikariPool-1 - Thread starvation or clock leap detected (housekeeper delta=1h22m28s730ms59µs400ns).
2025-07-23 18:14:34.059  INFO 28488 --- [http-nio-8095-exec-6] c.m.p.controller.AdminController         : Record added to the database successfully RecordTable{item_no=null, trackId='XYZ98767', name='null', compName='Flipkart', remark='null', status='Received', number='null', date=null}
2025-07-23 18:15:14.191  INFO 28488 --- [http-nio-8095-exec-7] c.m.p.controller.AdminController         : Record added to the database successfully RecordTable{item_no=null, trackId='XYZ98767', name='null', compName='Flipkart', remark='null', status='Received', number='null', date=null}
2025-07-23 18:15:58.119  INFO 28488 --- [http-nio-8095-exec-8] c.m.p.controller.AdminController         : Record added to the database successfully RecordTable{item_no=null, trackId='XYZ98767', name='null', compName='Flipkart', remark='null', status='Received', number='null', date=null}
2025-07-23 18:33:58.703  INFO 28488 --- [http-nio-8095-exec-2] c.m.p.controller.AdminController         : Record added to the database successfully RecordTable{item_no=null, trackId='XYZ98767', name='null', compName='Flipkart', remark='null', status='Received', number='null', date=null}
2025-07-23 21:02:49.975  INFO 28488 --- [SpringContextShutdownHook] o.s.s.concurrent.ThreadPoolTaskExecutor  : Shutting down ExecutorService 'applicationTaskExecutor'
2025-07-23 21:02:49.986  INFO 28488 --- [SpringContextShutdownHook] j.LocalContainerEntityManagerFactoryBean : Closing JPA EntityManagerFactory for persistence unit 'default'
2025-07-23 21:02:50.037  INFO 28488 --- [SpringContextShutdownHook] com.zaxxer.hikari.HikariDataSource       : HikariPool-1 - Shutdown initiated...
2025-07-23 21:02:50.050  INFO 28488 --- [SpringContextShutdownHook] com.zaxxer.hikari.HikariDataSource       : HikariPool-1 - Shutdown completed.
